Class;Cause;Source;Target;Total;findbugsScary;findbugsBadPractice;findbugsStyle;findbugsAll;pmdPriority;pmdCodeSize;pmdDesign;pmdCoupling;pmdAll;duplicated_lines;violations;code_smells;sqale_index;sqale_debt_ratio;bugs;vulnerabilities;Instability
AbstractLabelPattern;FALSE;TRUE;TRUE;TRUE;5;5;5;4;4;4;4;2;3;5;2;2;2;1;5;5;1
AbstractWorker;FALSE;FALSE;TRUE;TRUE;5;5;5;4;3;4;5;2;1;5;2;2;2;2;5;5;1
ACMPortalFetcher;TRUE;TRUE;FALSE;TRUE;5;5;5;4;5;5;5;5;5;5;5;5;5;3;5;5;5
ADSFetcher;FALSE;TRUE;FALSE;TRUE;5;5;5;4;5;4;4;4;4;5;5;5;4;3;5;5;5
ArgumentProcessor;TRUE;TRUE;FALSE;TRUE;5;5;5;4;5;5;5;5;5;5;5;5;5;5;5;5;5
AutoCompletePreferences;TRUE;TRUE;TRUE;TRUE;5;5;5;4;4;4;4;2;3;5;4;4;3;3;5;5;1
AutoSaveManager;TRUE;TRUE;FALSE;TRUE;5;5;5;4;4;4;4;4;4;5;3;3;3;1;5;5;4
AutoSetLinks;TRUE;TRUE;FALSE;TRUE;5;5;5;4;5;5;5;5;5;5;5;5;5;5;5;5;4
BasePanel;TRUE;FALSE;TRUE;TRUE;5;5;5;5;5;5;5;5;5;5;5;5;5;2;5;5;3
BasePanelMode;FALSE;FALSE;TRUE;TRUE;5;5;5;4;3;4;4;2;1;5;2;2;2;4;5;5;1
BibDatabaseContext;FALSE;TRUE;FALSE;TRUE;5;5;5;4;4;4;5;4;4;5;2;2;2;1;5;5;1
BibDatabaseMode;FALSE;FALSE;TRUE;TRUE;5;5;5;4;3;4;4;2;2;5;2;2;2;2;5;5;1
BibDatabaseWriter;FALSE;TRUE;FALSE;TRUE;5;5;5;4;5;4;5;5;5;5;4;4;3;1;5;5;4
BibEntry;FALSE;TRUE;FALSE;TRUE;5;5;5;5;5;5;5;5;5;5;5;5;5;3;5;5;1
BibEntryWriter;FALSE;TRUE;FALSE;TRUE;5;5;5;5;5;5;5;5;5;5;4;4;3;2;5;5;3
BibtexImporter;FALSE;TRUE;FALSE;TRUE;5;5;5;4;4;4;4;4;4;5;4;4;3;3;5;5;3
BibtexParser;FALSE;TRUE;FALSE;TRUE;5;5;5;5;5;5;5;5;5;5;5;5;5;3;5;5;2
Change;TRUE;TRUE;FALSE;TRUE;5;5;5;4;4;4;4;2;2;5;2;2;2;2;5;5;2
ChangeScanner;TRUE;TRUE;FALSE;TRUE;5;5;5;5;5;5;5;5;5;5;5;5;5;4;5;5;5
CiteSeerXFetcher;TRUE;TRUE;FALSE;TRUE;5;5;5;4;4;4;4;4;4;5;2;2;2;1;5;5;5
CleanupPreset;TRUE;TRUE;TRUE;TRUE;5;5;5;4;3;4;4;4;4;5;2;2;2;1;5;5;2
ConvertLegacyExplicitGroups;TRUE;TRUE;FALSE;TRUE;5;5;5;4;4;4;4;4;3;5;2;2;2;1;5;5;4
CountingUndoManager;TRUE;FALSE;TRUE;TRUE;5;5;5;4;3;4;5;2;2;5;4;4;3;3;5;5;1
CrossrefFetcherEvaluator;TRUE;TRUE;FALSE;TRUE;5;5;5;5;4;4;5;4;4;5;5;5;5;5;5;5;5
CustomEntryType;FALSE;FALSE;TRUE;TRUE;5;5;5;4;4;4;4;4;4;5;4;3;3;1;5;5;1
CustomEntryTypesManager;TRUE;TRUE;FALSE;TRUE;5;5;5;5;3;4;5;3;2;5;4;3;4;5;5;5;3
CustomExportList;TRUE;TRUE;TRUE;TRUE;5;5;5;4;3;4;4;4;4;5;2;2;2;1;5;5;3
CustomImportList;TRUE;TRUE;TRUE;TRUE;5;5;5;5;3;4;4;4;3;5;4;4;4;5;5;5;3
DatabaseExporter;TRUE;TRUE;FALSE;TRUE;5;5;5;5;5;5;5;5;5;5;5;5;5;4;5;5;5
DatabaseFileLookup;TRUE;TRUE;FALSE;TRUE;5;5;5;4;3;4;4;3;2;5;2;2;2;1;5;5;5
DatabaseLabelPattern;FALSE;TRUE;FALSE;TRUE;5;5;5;4;3;4;4;3;1;5;2;2;2;4;5;5;3
DatabaseUtil;TRUE;TRUE;FALSE;TRUE;5;5;5;5;5;4;5;2;3;5;4;4;4;4;5;5;3
DBImportExportDialog;FALSE;FALSE;TRUE;TRUE;5;5;5;5;5;4;5;2;4;5;5;5;5;4;5;5;2
DBLPFetcher;FALSE;TRUE;FALSE;TRUE;5;5;5;5;5;5;4;4;4;5;3;3;3;2;5;5;5
DBStrings;FALSE;TRUE;TRUE;TRUE;5;5;5;4;3;4;5;2;2;5;2;2;2;1;5;5;1
DBStringsPreferences;TRUE;TRUE;FALSE;TRUE;5;5;5;4;3;4;4;3;2;5;2;2;2;1;5;5;1
Defaults;TRUE;FALSE;TRUE;TRUE;5;5;5;4;3;4;4;2;1;5;2;2;2;3;5;5;1
DiVAtoBibTeXFetcher;TRUE;TRUE;FALSE;TRUE;5;5;5;4;3;4;4;4;3;5;4;4;4;4;5;5;5
DOAJFetcher;FALSE;TRUE;FALSE;TRUE;5;5;5;4;4;5;4;4;4;5;5;5;4;4;5;5;5
DOItoBibTeXFetcher;FALSE;TRUE;FALSE;TRUE;5;5;5;4;3;4;4;4;4;5;4;4;3;2;5;5;4
DroppedFileHandler;FALSE;FALSE;TRUE;TRUE;5;5;5;4;5;5;5;5;5;5;5;5;5;3;5;5;4
EasyDateFormat;FALSE;TRUE;TRUE;TRUE;5;5;5;4;3;4;5;2;1;5;2;2;2;2;5;5;2
EntryAddChange;TRUE;TRUE;FALSE;TRUE;5;5;5;5;3;4;4;2;2;5;2;2;2;2;5;5;5
EntryChange;TRUE;TRUE;FALSE;TRUE;5;5;5;5;5;4;5;3;4;5;5;5;4;3;5;5;5
EntryDeleteChange;TRUE;TRUE;FALSE;TRUE;5;5;5;5;3;4;4;2;3;5;3;3;2;2;5;5;5
EntryEditor;TRUE;FALSE;TRUE;TRUE;5;5;5;5;5;5;5;5;5;5;5;5;5;3;5;5;4
EntryEditorTabList;FALSE;FALSE;TRUE;TRUE;5;5;5;4;3;4;4;4;3;5;2;2;2;1;5;5;2
EntryFetcher;TRUE;TRUE;FALSE;TRUE;5;5;5;4;3;4;4;2;1;5;2;2;2;3;5;5;1
EntryFromExternalFileCreator;TRUE;TRUE;FALSE;TRUE;5;5;5;4;3;4;4;2;2;5;2;2;2;2;5;5;4
EntryFromFileCreator;TRUE;TRUE;FALSE;TRUE;5;5;5;4;4;4;4;4;4;5;4;4;3;1;5;5;4
EntryFromFileCreatorManager;TRUE;TRUE;FALSE;TRUE;5;5;5;4;5;5;4;4;4;5;4;4;4;2;5;5;5
EntryFromPDFCreator;FALSE;TRUE;FALSE;TRUE;5;5;5;5;3;4;5;4;4;5;5;5;4;4;5;5;4
EntryTypeDialog;FALSE;FALSE;TRUE;TRUE;5;5;5;5;4;4;4;4;4;5;4;4;5;5;5;5;4
EntryUtil;FALSE;FALSE;TRUE;TRUE;5;5;5;5;3;4;5;3;2;5;3;3;4;5;5;5;1
ExportComparator;TRUE;FALSE;TRUE;TRUE;5;5;5;5;3;4;4;2;1;5;2;2;2;4;5;5;1
ExportFormat;FALSE;TRUE;FALSE;TRUE;5;5;5;5;5;5;5;5;5;5;5;5;5;3;5;5;4
ExportFormats;TRUE;TRUE;FALSE;TRUE;5;5;5;5;5;5;5;5;5;5;5;5;5;4;5;5;3
ExternalFileType;FALSE;FALSE;TRUE;TRUE;5;5;5;4;4;4;5;3;4;5;3;3;3;1;5;5;1
ExternalFileTypes;FALSE;FALSE;TRUE;TRUE;5;5;5;5;5;5;5;5;5;5;5;5;5;4;5;5;2
FetcherPreviewDialog;FALSE;FALSE;TRUE;TRUE;5;5;5;5;4;4;4;4;5;5;4;4;5;5;5;5;3
FieldComparator;FALSE;TRUE;FALSE;TRUE;5;5;5;5;4;5;5;4;5;5;5;5;4;4;5;5;3
FieldContentParser;TRUE;TRUE;FALSE;TRUE;5;5;5;4;3;4;4;3;2;5;2;2;2;2;5;5;3
FieldFormatterCleanup;FALSE;FALSE;TRUE;TRUE;5;5;5;4;3;4;4;3;3;5;2;2;2;1;5;5;2
FieldFormatterCleanups;FALSE;TRUE;TRUE;TRUE;5;5;5;4;5;4;4;4;5;5;4;4;4;2;5;5;3
FileHistory;TRUE;TRUE;FALSE;TRUE;5;5;5;5;3;4;4;3;2;5;2;2;2;2;5;5;2
FileLink;TRUE;TRUE;FALSE;TRUE;5;5;5;4;4;5;4;4;4;5;4;4;3;3;5;5;4
FileLinksCleanup;FALSE;TRUE;FALSE;TRUE;5;5;5;4;3;4;4;3;2;5;2;2;2;2;5;5;5
FileListEntry;FALSE;FALSE;TRUE;TRUE;5;5;5;4;3;4;4;2;2;5;4;4;4;5;5;5;1
FileListTableModel;FALSE;FALSE;TRUE;TRUE;5;5;5;5;5;4;4;4;4;5;3;3;3;1;5;5;2
FileUtil;TRUE;TRUE;FALSE;TRUE;5;5;5;5;5;4;5;5;5;5;5;5;5;3;5;5;2
FreeCiteImporter;TRUE;TRUE;FALSE;TRUE;5;5;5;5;4;5;4;5;5;5;5;5;5;4;5;5;4
GlobalLabelPattern;TRUE;TRUE;TRUE;TRUE;5;5;5;4;3;4;4;2;1;5;2;2;2;4;5;5;2
Globals;TRUE;FALSE;TRUE;TRUE;5;5;5;5;3;4;5;3;4;5;5;5;4;5;5;5;1
GoogleScholarFetcher;TRUE;TRUE;FALSE;TRUE;5;5;5;4;5;4;5;5;5;5;5;5;4;2;5;5;5
GroupChange;TRUE;TRUE;FALSE;TRUE;5;5;5;5;3;4;4;4;3;5;2;2;2;1;5;5;5
GroupTreeNode;TRUE;FALSE;TRUE;TRUE;5;5;5;4;5;4;5;4;4;5;4;4;4;2;5;5;2
GroupTreeNodeViewModel;FALSE;FALSE;TRUE;TRUE;5;5;5;5;5;4;5;5;5;5;5;5;3;1;5;5;3
GVKFetcher;FALSE;TRUE;FALSE;TRUE;5;5;5;4;5;4;5;4;4;5;3;3;3;1;5;5;5
HelpFiles;TRUE;FALSE;TRUE;TRUE;5;5;5;4;3;4;4;2;1;5;2;2;2;1;5;5;1
HTMLChars;FALSE;TRUE;FALSE;TRUE;5;5;5;5;5;5;5;5;5;5;5;5;5;5;5;5;3
HtmlToLatexFormatter;TRUE;TRUE;TRUE;TRUE;5;5;5;5;4;5;4;5;5;5;4;4;4;2;5;5;2
IconTheme;FALSE;FALSE;TRUE;TRUE;5;5;5;5;3;4;5;4;5;5;5;5;4;2;5;5;1
IEEEXploreFetcher;TRUE;TRUE;FALSE;TRUE;5;5;5;5;5;5;5;5;5;5;5;5;5;3;5;5;5
ImportDialog;FALSE;FALSE;TRUE;TRUE;5;5;5;5;3;4;5;3;4;5;3;3;5;5;5;5;4
ImportFormatReader;FALSE;TRUE;FALSE;TRUE;5;5;5;4;5;4;4;5;4;5;4;4;4;2;5;5;4
ImportInspectionDialog;FALSE;FALSE;TRUE;TRUE;5;5;5;5;5;5;5;5;5;5;5;5;5;5;5;5;5
ImportSettingsTab;FALSE;FALSE;TRUE;TRUE;5;5;5;5;4;4;4;2;4;5;4;2;2;1;5;5;4
InfoPane;TRUE;FALSE;TRUE;TRUE;5;5;5;5;3;4;4;2;1;5;3;3;5;5;5;5;1
INSPIREFetcher;TRUE;TRUE;FALSE;TRUE;5;5;5;4;4;4;4;3;4;5;3;3;3;2;5;5;5
IntegrityCheck;FALSE;TRUE;FALSE;TRUE;5;5;5;5;5;4;5;5;5;5;4;4;4;2;5;5;4
InternalBibtexFields;FALSE;TRUE;TRUE;TRUE;5;5;5;5;4;5;5;5;5;5;5;5;4;1;5;5;1
ISBNtoBibTeXFetcher;FALSE;TRUE;FALSE;TRUE;5;5;5;5;4;5;5;4;4;5;4;4;4;4;5;5;5
JabRefDesktop;FALSE;FALSE;TRUE;TRUE;5;5;5;5;5;5;5;5;5;5;5;5;4;3;5;5;3
JabRefException;TRUE;FALSE;TRUE;TRUE;5;5;5;4;3;4;4;2;2;5;3;3;3;4;5;5;1
JabRefExecutorService;TRUE;FALSE;TRUE;TRUE;5;5;5;4;4;4;5;3;4;5;5;4;3;2;5;5;1
JabRefFrame;TRUE;FALSE;TRUE;TRUE;5;5;5;5;5;5;5;5;5;5;5;5;5;2;5;5;3
JabRefGUI;FALSE;FALSE;TRUE;TRUE;5;5;5;5;5;5;5;5;5;5;5;5;5;3;5;5;3
JabRefMain;FALSE;FALSE;TRUE;TRUE;5;5;5;4;3;4;5;4;3;5;4;4;4;4;5;5;4
JabRefPreferences;TRUE;TRUE;TRUE;TRUE;5;5;5;5;5;5;5;5;5;5;5;5;5;1;5;5;1
JournalAbbreviationLoader;FALSE;TRUE;FALSE;TRUE;5;5;5;4;4;4;4;3;4;5;2;2;2;1;5;5;1
KeywordGroup;TRUE;TRUE;FALSE;TRUE;5;5;5;5;5;5;5;5;5;5;5;5;5;3;5;5;3
LabelPatternUtil;TRUE;TRUE;TRUE;TRUE;5;5;5;5;5;5;5;5;5;5;5;5;5;4;5;5;2
LastFocusedTabPreferences;TRUE;TRUE;FALSE;TRUE;5;5;5;4;3;4;4;2;2;5;2;2;2;2;5;5;2
LatexCleanupFormatter;FALSE;FALSE;TRUE;TRUE;5;5;5;4;3;4;4;4;2;5;2;2;2;2;5;5;2
LatexFieldFormatter;FALSE;TRUE;FALSE;TRUE;5;5;5;4;5;5;5;5;5;5;5;5;5;3;5;5;2
LatexToUnicodeFormatter;FALSE;TRUE;FALSE;TRUE;5;5;5;5;5;5;5;5;5;5;5;5;5;5;5;5;3
LayoutEntry;FALSE;TRUE;FALSE;TRUE;5;5;5;4;5;5;5;5;5;5;5;5;5;4;5;5;5
Localization;FALSE;FALSE;TRUE;TRUE;5;5;5;4;3;4;4;2;1;5;4;4;4;4;5;5;1
MainTable;FALSE;FALSE;TRUE;TRUE;5;5;5;5;5;5;5;5;5;5;5;5;5;2;5;5;3
MedlineFetcher;FALSE;TRUE;FALSE;TRUE;5;5;5;5;5;5;5;4;5;5;5;5;5;4;5;5;5
MedlinePlainImporter;FALSE;TRUE;FALSE;TRUE;5;5;5;4;5;5;5;5;5;5;5;5;5;4;5;5;3
MetaData;TRUE;TRUE;FALSE;TRUE;5;5;5;4;5;5;5;5;5;5;4;4;3;1;5;5;1
MetaDataChange;TRUE;TRUE;FALSE;TRUE;5;5;5;5;3;4;4;3;4;5;2;2;2;1;5;5;5
MnemonicAwareAction;FALSE;FALSE;TRUE;TRUE;5;5;5;4;3;4;5;3;3;5;4;4;3;3;5;5;1
NamedCompound;FALSE;FALSE;TRUE;TRUE;5;5;5;4;3;4;4;2;2;5;2;2;2;2;5;5;1
NameFormatter;FALSE;TRUE;FALSE;TRUE;5;5;5;4;5;4;5;4;4;5;5;5;4;4;5;5;3
NativeDesktop;FALSE;FALSE;TRUE;TRUE;5;5;5;4;3;4;4;2;1;5;2;2;2;4;5;5;1
NormalizeDateFormatter;FALSE;FALSE;TRUE;TRUE;5;5;5;4;3;4;4;3;3;5;3;3;3;2;5;5;2
NormalizeMonthFormatter;FALSE;FALSE;TRUE;TRUE;5;5;5;4;3;4;4;2;2;5;2;2;2;2;5;5;2
NormalizePagesFormatter;FALSE;FALSE;TRUE;TRUE;5;5;5;4;3;4;4;4;3;5;3;3;4;4;5;5;2
OAI2Fetcher;TRUE;TRUE;FALSE;TRUE;5;5;5;4;5;4;5;4;5;5;5;5;4;3;5;5;4
OOBibStyle;TRUE;TRUE;FALSE;TRUE;5;5;5;4;5;5;5;5;5;5;5;5;5;3;5;5;3
OOPreFormatter;FALSE;TRUE;FALSE;TRUE;5;5;5;4;5;5;5;5;5;5;5;5;5;5;5;5;3
OpenDatabaseAction;FALSE;FALSE;TRUE;TRUE;5;5;5;5;5;5;5;5;5;5;5;5;5;3;5;5;4
OpenOfficePreferences;TRUE;TRUE;TRUE;TRUE;5;5;5;4;3;4;4;2;4;5;2;2;2;1;5;5;2
OS;FALSE;FALSE;TRUE;TRUE;5;5;5;5;3;4;4;2;1;5;3;3;4;5;5;5;1
ParseException;FALSE;FALSE;TRUE;TRUE;5;5;5;4;3;4;4;2;1;5;2;2;2;4;5;5;1
PdfFileFilter;FALSE;FALSE;TRUE;TRUE;5;5;5;4;3;4;4;2;2;5;2;2;2;2;5;5;1
PdfImporter;TRUE;TRUE;FALSE;TRUE;5;5;5;5;5;5;5;5;5;5;3;3;3;1;5;5;5
PersistenceTableColumnListener;FALSE;FALSE;TRUE;TRUE;5;5;5;5;4;4;5;4;4;5;2;2;2;1;5;5;4
PostOpenAction;FALSE;FALSE;TRUE;TRUE;5;5;5;4;3;4;4;2;1;5;2;2;2;4;5;5;2
PreambleChange;TRUE;TRUE;FALSE;TRUE;5;5;5;4;4;4;5;2;3;5;2;2;2;1;5;5;5
PreviewEntryFetcher;TRUE;FALSE;TRUE;TRUE;5;5;5;4;3;4;4;2;1;5;2;2;2;3;5;5;3
PreviewPanel;FALSE;FALSE;TRUE;TRUE;5;5;5;5;4;4;5;5;5;5;5;4;5;5;5;5;4
Printed;TRUE;TRUE;FALSE;TRUE;5;5;5;5;3;4;5;2;2;5;3;3;3;2;5;5;2
Priority;TRUE;TRUE;FALSE;TRUE;5;5;5;5;3;4;5;2;2;5;3;3;3;2;5;5;2
ProtectTermsFormatter;FALSE;FALSE;TRUE;TRUE;5;5;5;4;4;4;4;2;2;5;4;4;4;4;5;5;2
ProxyPreferences;TRUE;TRUE;FALSE;TRUE;5;5;5;4;3;5;4;2;4;5;2;2;2;1;5;5;2
Quality;TRUE;TRUE;FALSE;TRUE;5;5;5;5;3;4;5;2;2;5;3;3;3;2;5;5;2
Rank;TRUE;TRUE;FALSE;TRUE;5;5;5;5;3;4;5;2;2;5;4;4;3;3;5;5;2
ReadStatus;TRUE;TRUE;FALSE;TRUE;5;5;5;5;3;4;5;2;2;5;3;3;3;2;5;5;2
Relevance;TRUE;TRUE;FALSE;TRUE;5;5;5;5;3;4;5;2;2;5;3;3;3;2;5;5;2
RemoteListenerServerLifecycle;FALSE;TRUE;FALSE;TRUE;5;5;5;4;4;4;4;2;3;5;3;3;3;3;5;5;3
RemotePreferences;TRUE;TRUE;TRUE;TRUE;5;5;5;4;3;4;4;2;2;5;2;2;2;2;5;5;2
RemoveLatexCommands;FALSE;TRUE;FALSE;TRUE;5;5;5;4;5;5;5;4;4;5;5;5;4;5;5;5;2
RisAuthors;FALSE;TRUE;FALSE;TRUE;5;5;5;4;3;4;4;2;2;5;2;2;2;2;5;5;4
RisImporter;FALSE;TRUE;FALSE;TRUE;5;5;5;4;5;5;5;5;5;5;5;5;5;4;5;5;3
RisKeywords;FALSE;TRUE;FALSE;TRUE;5;5;5;4;4;4;4;3;2;5;2;2;2;2;5;5;3
RTFChars;FALSE;TRUE;FALSE;TRUE;5;5;5;4;5;5;5;3;5;5;5;5;5;5;5;5;4
SaveOrderConfig;TRUE;TRUE;TRUE;TRUE;5;5;5;4;4;4;5;5;5;5;5;5;4;3;5;5;1
SavePreferences;TRUE;TRUE;FALSE;TRUE;5;5;5;5;4;4;4;3;4;5;2;2;2;1;5;5;2
SaveSession;TRUE;TRUE;FALSE;TRUE;5;5;5;4;3;5;5;2;4;5;5;5;4;4;5;5;2
ScienceDirectFetcher;FALSE;TRUE;FALSE;TRUE;5;5;5;5;4;4;4;4;4;5;4;4;3;2;5;5;5
SearchGroup;TRUE;TRUE;FALSE;TRUE;5;5;5;4;4;4;4;4;4;5;5;4;4;2;5;5;3
SpecialField;TRUE;TRUE;FALSE;TRUE;5;5;5;4;5;4;4;3;4;5;4;4;3;3;5;5;1
SpecialFieldsUtils;TRUE;TRUE;TRUE;TRUE;5;5;5;4;5;4;5;4;5;5;4;4;4;3;5;5;2
SpecialFieldValue;TRUE;FALSE;TRUE;TRUE;5;5;5;4;3;4;4;3;3;5;3;3;3;2;5;5;2
SpringerFetcher;TRUE;TRUE;FALSE;TRUE;5;5;5;4;4;5;4;4;4;5;5;5;4;4;5;5;5
StringAddChange;TRUE;TRUE;FALSE;TRUE;5;5;5;5;3;4;4;3;3;5;2;2;2;1;5;5;5
StringChange;TRUE;TRUE;FALSE;TRUE;5;5;5;5;3;4;4;2;3;5;3;3;3;2;5;5;5
StringNameChange;TRUE;TRUE;FALSE;TRUE;5;5;5;5;3;4;4;3;3;5;2;2;2;1;5;5;5
StringRemoveChange;TRUE;TRUE;FALSE;TRUE;5;5;5;5;3;4;4;2;3;5;2;2;2;1;5;5;5
StringUtil;FALSE;TRUE;TRUE;TRUE;5;5;5;5;5;5;5;5;5;5;5;5;5;4;5;5;1
StyleLoader;FALSE;FALSE;TRUE;TRUE;5;5;5;4;4;4;4;3;4;5;2;2;2;1;5;5;2
TimeStamp;TRUE;TRUE;FALSE;TRUE;5;5;5;4;3;4;5;3;2;5;3;3;4;5;5;5;5
TreeNode;TRUE;FALSE;TRUE;TRUE;5;5;5;4;5;4;5;4;5;5;4;4;3;1;5;5;1
TypedBibEntry;FALSE;TRUE;FALSE;TRUE;5;5;5;4;3;4;4;4;4;5;2;2;2;1;5;5;3
UndoableFieldChange;FALSE;FALSE;TRUE;TRUE;5;5;5;5;3;4;4;2;3;5;4;4;4;4;5;5;1
UndoableInsertEntry;FALSE;FALSE;TRUE;TRUE;5;5;5;5;3;4;4;2;2;5;4;3;3;4;5;5;2
UndoableInsertString;FALSE;FALSE;TRUE;TRUE;5;5;5;5;3;4;4;2;2;5;2;2;2;1;5;5;3
UndoableModifySubtree;FALSE;FALSE;TRUE;TRUE;5;5;5;5;4;4;4;3;3;5;5;5;4;4;5;5;3
UndoablePreambleChange;FALSE;FALSE;TRUE;TRUE;5;5;5;5;3;4;4;2;2;5;3;3;3;4;5;5;3
UndoableRemoveEntry;FALSE;FALSE;TRUE;TRUE;5;5;5;5;3;4;4;2;2;5;4;3;3;4;5;5;2
UndoableRemoveString;FALSE;FALSE;TRUE;TRUE;5;5;5;5;3;4;4;2;2;5;3;3;4;4;5;5;4
UndoableStringChange;FALSE;FALSE;TRUE;TRUE;5;5;5;5;3;4;4;2;2;5;2;2;2;1;5;5;3
UnitsToLatexFormatter;FALSE;FALSE;TRUE;TRUE;5;5;5;4;4;4;5;3;3;5;4;4;4;2;5;5;2
UnlinkedFilesCrawler;TRUE;TRUE;FALSE;TRUE;5;5;5;4;5;5;4;3;4;5;3;3;3;3;5;5;4
UnlinkedPDFFileFilter;FALSE;FALSE;TRUE;TRUE;5;5;5;4;3;4;4;2;1;5;2;2;2;3;5;5;3
UpdateField;TRUE;TRUE;FALSE;TRUE;5;5;5;4;5;4;5;4;4;5;3;3;4;3;5;5;2
UpgradePdfPsToFileCleanup;FALSE;TRUE;FALSE;TRUE;5;5;5;4;4;4;4;3;3;5;2;2;2;1;5;5;4
URLDownload;FALSE;TRUE;FALSE;TRUE;5;5;5;4;5;4;4;4;4;5;4;4;3;2;5;5;1
VersionPreferences;TRUE;TRUE;TRUE;TRUE;5;5;5;4;3;4;4;2;2;5;2;2;2;3;5;5;2
WrapFileLinks;TRUE;TRUE;FALSE;TRUE;5;5;5;4;5;5;4;5;5;5;5;5;4;3;5;5;5
XMPSchemaBibtex;TRUE;TRUE;FALSE;TRUE;5;5;5;4;5;5;4;5;5;5;5;5;4;3;5;5;4
XMPUtil;TRUE;TRUE;FALSE;TRUE;5;5;5;5;5;5;5;5;5;5;5;5;5;5;5;5;4
AbbreviateAction;FALSE;FALSE;FALSE;FALSE;5;5;5;4;5;4;4;3;3;5;3;3;3;3;5;5;5
Abbreviation;FALSE;FALSE;FALSE;FALSE;5;5;5;4;4;4;4;4;3;5;3;3;3;2;5;5;1
AbbreviationParser;FALSE;FALSE;FALSE;FALSE;5;5;5;5;4;4;4;4;4;5;3;3;3;2;5;5;3
AboutAction;FALSE;FALSE;FALSE;FALSE;5;5;5;4;3;4;4;2;2;5;2;2;2;2;5;5;4
AboutDialog;FALSE;FALSE;FALSE;FALSE;5;5;5;4;3;4;4;2;2;5;3;3;5;5;5;5;4
AbstractAutoCompleter;FALSE;FALSE;FALSE;FALSE;5;5;5;5;3;4;5;3;4;5;2;2;2;1;5;5;2
AbstractGroup;FALSE;FALSE;FALSE;FALSE;5;5;5;4;4;4;5;2;3;5;2;2;2;1;5;5;2
AbstractParamLayoutFormatter;FALSE;FALSE;FALSE;FALSE;5;5;5;4;5;5;4;4;3;5;4;4;4;5;5;5;1
AbstractPushToApplication;FALSE;FALSE;FALSE;FALSE;5;5;5;5;3;4;5;4;4;5;3;3;3;1;5;5;3
ACS;FALSE;FALSE;FALSE;FALSE;5;5;5;4;4;4;4;4;2;5;2;2;2;2;5;5;3
Actions;FALSE;FALSE;FALSE;FALSE;5;5;5;4;3;4;4;2;4;5;3;3;4;4;5;5;1
AddToGroupAction;FALSE;FALSE;FALSE;FALSE;5;5;5;5;3;4;4;5;4;5;3;3;3;1;5;5;5
AdvancedCiteDialog;FALSE;FALSE;FALSE;FALSE;5;5;5;4;3;4;5;2;3;5;2;2;2;1;5;5;4
AdvancedTab;FALSE;FALSE;FALSE;FALSE;5;5;5;5;3;4;4;4;4;5;3;3;3;1;5;5;5
AllEntriesGroup;FALSE;FALSE;FALSE;FALSE;5;5;5;5;3;4;4;2;3;5;4;4;3;2;5;5;2
AndMatcher;FALSE;FALSE;FALSE;FALSE;5;5;5;4;4;4;4;2;1;5;2;2;2;3;5;5;3
AppearancePrefsTab;FALSE;FALSE;FALSE;FALSE;5;5;5;5;4;4;5;4;4;5;4;4;4;2;5;5;5
AppendDatabaseAction;FALSE;FALSE;FALSE;FALSE;5;5;5;5;5;5;5;4;5;5;4;4;4;2;5;5;5
ArXiv;FALSE;FALSE;FALSE;FALSE;5;5;5;4;5;5;4;4;4;5;4;4;4;4;5;5;3
AttachFileAction;FALSE;FALSE;FALSE;FALSE;5;5;5;4;3;4;4;4;2;5;2;2;2;1;5;5;5
Author;FALSE;FALSE;FALSE;FALSE;5;5;5;4;5;5;4;4;5;5;5;5;5;4;5;5;1
AuthorAbbreviator;FALSE;FALSE;FALSE;FALSE;5;5;5;4;3;4;4;2;1;5;2;2;2;4;5;5;2
AuthorAndsCommaReplacer;FALSE;FALSE;FALSE;FALSE;5;5;5;4;3;4;4;3;2;5;4;4;4;5;5;5;2
AuthorAndsReplacer;FALSE;FALSE;FALSE;FALSE;5;5;5;4;3;4;4;3;2;5;4;4;4;5;5;5;2
AuthorFirstAbbrLastCommas;FALSE;FALSE;FALSE;FALSE;5;5;5;4;3;4;4;2;1;5;2;2;2;4;5;5;3
AuthorFirstAbbrLastOxfordCommas;FALSE;FALSE;FALSE;FALSE;5;5;5;4;3;4;4;2;1;5;2;2;2;4;5;5;3
AuthorFirstFirst;FALSE;FALSE;FALSE;FALSE;5;5;5;4;3;4;4;2;1;5;2;2;2;4;5;5;3
AuthorFirstFirstCommas;FALSE;FALSE;FALSE;FALSE;5;5;5;4;3;4;4;2;1;5;2;2;2;4;5;5;3
AuthorFirstLastCommas;FALSE;FALSE;FALSE;FALSE;5;5;5;4;3;4;4;2;1;5;2;2;2;4;5;5;3
AuthorFirstLastOxfordCommas;FALSE;FALSE;FALSE;FALSE;5;5;5;4;3;4;4;2;1;5;2;2;2;4;5;5;3
AuthorLastFirst;FALSE;FALSE;FALSE;FALSE;5;5;5;4;3;4;4;2;1;5;2;2;2;4;5;5;3
AuthorLastFirstAbbrCommas;FALSE;FALSE;FALSE;FALSE;5;5;5;4;3;4;4;2;1;5;2;2;2;4;5;5;3
AuthorLastFirstAbbreviator;FALSE;FALSE;FALSE;FALSE;5;5;5;4;3;4;4;2;1;5;2;2;2;4;5;5;2
AuthorLastFirstAbbrOxfordCommas;FALSE;FALSE;FALSE;FALSE;5;5;5;4;3;4;4;2;1;5;2;2;2;4;5;5;3
AuthorLastFirstCommas;FALSE;FALSE;FALSE;FALSE;5;5;5;4;3;4;4;2;1;5;2;2;2;4;5;5;3
AuthorLastFirstOxfordCommas;FALSE;FALSE;FALSE;FALSE;5;5;5;4;3;4;4;2;1;5;2;2;2;4;5;5;3
AuthorLF_FF;FALSE;FALSE;FALSE;FALSE;5;5;5;4;3;4;4;2;1;5;3;3;3;5;5;5;3
AuthorLF_FFAbbr;FALSE;FALSE;FALSE;FALSE;5;5;5;4;3;4;4;2;1;5;3;3;3;5;5;5;3
AuthorList;FALSE;FALSE;FALSE;FALSE;5;5;5;4;4;5;5;5;5;5;3;3;3;1;5;5;1
AuthorListParser;FALSE;FALSE;FALSE;FALSE;5;5;5;5;5;5;5;5;5;5;5;5;5;4;5;5;3
AuthorNatBib;FALSE;FALSE;FALSE;FALSE;5;5;5;4;3;4;4;2;1;5;2;2;2;4;5;5;3
AuthorOrgSci;FALSE;FALSE;FALSE;FALSE;5;5;5;4;3;4;4;3;2;5;2;2;2;2;5;5;3
Authors;FALSE;FALSE;FALSE;FALSE;5;5;5;5;5;5;5;5;5;5;5;5;5;3;5;5;3
AutoCompleteFirstNameMode;FALSE;FALSE;FALSE;FALSE;5;5;5;4;3;4;4;2;1;5;2;2;2;4;5;5;1
AutoCompleteListener;FALSE;FALSE;FALSE;FALSE;5;5;5;4;5;5;5;5;5;5;5;5;5;4;5;5;1
AutoCompleter;FALSE;FALSE;FALSE;FALSE;5;5;5;4;3;4;4;2;1;5;3;3;2;3;5;5;1
AutoCompleteRenderer;FALSE;FALSE;FALSE;FALSE;5;5;5;4;3;4;4;2;1;5;3;3;3;5;5;5;1
AutoCompleterFactory;FALSE;FALSE;FALSE;FALSE;5;5;5;4;3;4;4;2;2;5;2;2;2;2;5;5;4
AutoCompleters;FALSE;FALSE;FALSE;FALSE;5;5;5;4;4;4;4;2;2;5;3;3;3;4;5;5;2
AutoCompleteSupport;FALSE;FALSE;FALSE;FALSE;5;5;5;4;5;5;5;4;5;5;4;4;4;2;5;5;4
AutoDetectPaths;FALSE;FALSE;FALSE;FALSE;5;5;5;5;5;5;5;5;5;5;5;4;4;3;5;5;5
AutoGroupDialog;FALSE;FALSE;FALSE;FALSE;5;5;5;5;5;4;4;4;4;5;4;4;5;5;5;5;5
AutoLinkFilesAction;FALSE;FALSE;FALSE;FALSE;5;5;5;4;3;4;4;5;3;5;2;2;2;1;5;5;5
AutosaveStartupPrompter;FALSE;FALSE;FALSE;FALSE;5;5;5;5;5;4;4;4;4;5;4;4;3;3;5;5;5
AuxCommandLine;FALSE;FALSE;FALSE;FALSE;5;5;5;4;4;4;4;3;2;5;3;3;3;4;5;5;4
AuxParser;FALSE;FALSE;FALSE;FALSE;5;5;5;5;5;5;4;5;4;5;4;4;4;2;5;5;3
AuxParserResult;FALSE;FALSE;FALSE;FALSE;5;5;5;4;4;4;4;2;3;5;2;2;2;1;5;5;2
BaseAction;FALSE;FALSE;FALSE;FALSE;5;5;5;4;3;4;4;2;1;5;3;2;2;5;5;5;1
BibDatabase;FALSE;FALSE;FALSE;FALSE;5;5;5;5;5;4;5;5;5;5;4;4;3;1;5;5;1
BibDatabaseModeDetection;FALSE;FALSE;FALSE;FALSE;5;5;5;4;3;4;5;4;3;5;3;3;4;5;5;5;4
BibDatabases;FALSE;FALSE;FALSE;FALSE;5;5;5;4;3;4;5;3;2;5;3;3;4;5;5;5;3
BibEntryNotFoundException;FALSE;FALSE;FALSE;FALSE;5;5;5;4;3;4;4;2;1;5;2;2;2;3;5;5;1
BiblatexCleanup;FALSE;FALSE;FALSE;FALSE;5;5;5;4;4;4;4;3;2;5;3;3;3;3;5;5;4
BibLatexEntryType;FALSE;FALSE;FALSE;FALSE;5;5;5;5;3;4;4;3;3;5;2;2;2;1;5;5;2
BibLatexEntryTypes;FALSE;FALSE;FALSE;FALSE;5;5;5;5;3;4;5;5;5;5;5;5;5;5;5;5;2
BiblioscapeImporter;FALSE;FALSE;FALSE;FALSE;5;5;5;5;5;5;5;5;5;5;5;5;5;5;5;5;2
BibsonomyScraper;FALSE;FALSE;FALSE;FALSE;5;5;5;4;3;4;5;4;3;5;3;3;4;5;5;5;4
BibtexCaseChanger;FALSE;FALSE;FALSE;FALSE;5;5;5;5;5;5;5;4;5;5;5;5;5;5;5;5;1
BibTeXConverter;FALSE;FALSE;FALSE;FALSE;5;5;5;5;3;5;5;4;3;5;5;5;4;4;5;5;5
BibtexEntryType;FALSE;FALSE;FALSE;FALSE;5;5;5;5;3;4;4;3;3;5;2;2;2;1;5;5;2
BibtexEntryTypes;FALSE;FALSE;FALSE;FALSE;5;5;5;5;3;4;5;3;4;5;5;5;5;5;5;5;1
BibtexKeyAutoCompleter;FALSE;FALSE;FALSE;FALSE;5;5;5;4;3;4;4;2;1;5;2;2;2;2;5;5;3
BibtexKeyPatternDialog;FALSE;FALSE;FALSE;FALSE;5;5;5;5;3;4;5;3;3;5;3;3;5;5;5;5;5
BibTeXMLHandler;FALSE;FALSE;FALSE;FALSE;5;5;5;5;4;4;4;2;4;5;4;4;4;4;5;5;3
BibTeXMLImporter;FALSE;FALSE;FALSE;FALSE;5;5;5;4;3;4;4;2;2;5;4;4;4;5;5;5;3
BibtexNameFormatter;FALSE;FALSE;FALSE;FALSE;5;5;5;5;5;5;5;5;5;5;5;5;5;5;5;5;3
BibtexPurify;FALSE;FALSE;FALSE;FALSE;5;5;5;4;5;5;5;4;4;5;4;4;5;5;5;5;3
BibtexSingleField;FALSE;FALSE;FALSE;FALSE;5;5;5;4;3;4;4;2;4;5;3;3;3;1;5;5;2
BibtexString;FALSE;FALSE;FALSE;FALSE;5;5;5;5;4;4;4;3;4;5;5;5;5;5;5;5;1
BibtexStringComparator;FALSE;FALSE;FALSE;FALSE;5;5;5;5;3;4;4;4;2;5;2;2;2;2;5;5;2
BibtexTextPrefix;FALSE;FALSE;FALSE;FALSE;5;5;5;4;5;5;5;2;3;5;4;4;4;5;5;5;2
BibtexWidth;FALSE;FALSE;FALSE;FALSE;5;5;5;4;5;5;5;3;4;5;4;4;5;3;5;5;2
BrowseAction;FALSE;FALSE;FALSE;FALSE;5;5;5;4;3;4;4;2;3;5;4;3;3;2;5;5;2
BuildInfo;FALSE;FALSE;FALSE;FALSE;5;5;5;5;3;4;4;2;2;5;3;3;3;3;5;5;1
Cache;FALSE;FALSE;FALSE;FALSE;5;5;5;5;3;4;5;2;2;5;3;3;3;3;5;5;1
CanonicalBibtexEntry;FALSE;FALSE;FALSE;FALSE;5;5;5;4;4;4;5;3;3;5;3;3;4;5;5;5;2
CapitalizeFormatter;FALSE;FALSE;FALSE;FALSE;5;5;5;4;3;4;4;3;2;5;2;2;2;2;5;5;3
CaseChangeMenu;FALSE;FALSE;FALSE;FALSE;5;5;5;4;3;4;4;2;1;5;3;3;5;5;5;5;4
CaseKeeperList;FALSE;FALSE;FALSE;FALSE;5;5;5;4;3;4;5;2;3;5;3;3;3;1;5;5;1
ChangeCaseFunction;FALSE;FALSE;FALSE;FALSE;5;5;5;5;4;4;4;4;3;5;3;3;3;5;5;5;4
ChangeDisplayDialog;FALSE;FALSE;FALSE;FALSE;5;5;5;4;3;4;5;2;3;5;4;4;5;5;5;5;5
ChangeEntryTypeMenu;FALSE;FALSE;FALSE;FALSE;5;5;5;4;4;4;4;3;3;5;2;2;2;1;5;5;4
ChangeTypeAction;FALSE;FALSE;FALSE;FALSE;5;5;5;4;3;4;4;2;2;5;2;2;2;2;5;5;4
CheckBoxMessage;FALSE;FALSE;FALSE;FALSE;5;5;5;4;3;4;4;2;2;5;2;2;2;2;5;5;1
CheckForNewEntryTypesAction;FALSE;FALSE;FALSE;FALSE;5;5;5;5;4;4;4;4;3;5;2;2;2;1;5;5;5
CitationEntry;FALSE;FALSE;FALSE;FALSE;5;5;5;4;3;4;4;2;3;5;2;2;2;1;5;5;1
CitationManager;FALSE;FALSE;FALSE;FALSE;5;5;5;5;4;4;4;3;4;5;5;5;5;5;5;5;5
CleanupAction;FALSE;FALSE;FALSE;FALSE;5;5;5;4;4;4;4;4;4;5;3;3;3;1;5;5;5
CleanupActionsListModel;FALSE;FALSE;FALSE;FALSE;5;5;5;4;4;4;4;2;3;5;2;2;2;1;5;5;3
CleanupJob;FALSE;FALSE;FALSE;FALSE;5;5;5;4;3;4;4;2;1;5;2;2;2;4;5;5;2
CleanupPresetPanel;FALSE;FALSE;FALSE;FALSE;5;5;5;4;3;4;4;5;4;5;2;2;2;1;5;5;5
CleanupWorker;FALSE;FALSE;FALSE;FALSE;5;5;5;4;3;4;4;3;3;5;2;2;2;1;5;5;5
ClearFormatter;FALSE;FALSE;FALSE;FALSE;5;5;5;4;3;4;4;2;1;5;2;2;2;2;5;5;2
ClipBoardManager;FALSE;FALSE;FALSE;FALSE;5;5;5;4;4;4;4;4;3;5;3;3;3;2;5;5;3
ColorSetupPanel;FALSE;FALSE;FALSE;FALSE;5;5;5;4;4;4;5;3;4;5;4;4;5;5;5;5;4
CompleteRenderer;FALSE;FALSE;FALSE;FALSE;5;5;5;4;3;4;4;2;1;5;2;2;2;3;5;5;3
CompositeFormat;FALSE;FALSE;FALSE;FALSE;5;5;5;4;4;4;5;2;2;5;2;2;2;2;5;5;2
ConfirmCloseFileListEntryEditor;FALSE;FALSE;FALSE;FALSE;5;5;5;4;3;4;4;2;1;5;2;2;2;4;5;5;2
ConnectionLostException;FALSE;FALSE;FALSE;FALSE;5;5;5;4;3;4;4;2;1;5;2;2;2;4;5;5;1
ContainBasedSearchRule;FALSE;FALSE;FALSE;FALSE;5;5;5;5;4;4;5;3;3;5;2;2;2;1;5;5;3
ContainsAndRegexBasedSearchRuleDescriber;FALSE;FALSE;FALSE;FALSE;5;5;5;4;3;4;4;2;3;5;2;2;2;1;5;5;4
ContentAutoCompleters;FALSE;FALSE;FALSE;FALSE;5;5;5;4;3;4;5;3;3;5;4;4;3;5;5;5;4
ContentSelectorDialog2;FALSE;FALSE;FALSE;FALSE;5;5;5;5;5;5;5;5;5;5;5;5;5;4;5;5;4
ConversionMenu;FALSE;FALSE;FALSE;FALSE;5;5;5;4;3;4;4;2;1;5;3;3;5;5;5;5;4
Cookie;FALSE;FALSE;FALSE;FALSE;5;5;5;4;4;5;5;3;4;5;5;5;4;4;5;5;1
CookieHandlerImpl;FALSE;FALSE;FALSE;FALSE;5;5;5;4;3;4;4;3;3;5;4;4;3;3;5;5;3
CopacImporter;FALSE;FALSE;FALSE;FALSE;5;5;5;4;4;5;4;5;4;5;4;4;4;4;5;5;3
CopyAction;FALSE;FALSE;FALSE;FALSE;5;5;5;4;4;4;5;3;2;5;2;2;2;2;5;5;4
CopyVersionToClipboardAction;FALSE;FALSE;FALSE;FALSE;5;5;5;4;3;4;4;3;1;5;2;2;2;3;5;5;5
CreateBibORDFAuthors;FALSE;FALSE;FALSE;FALSE;5;5;5;4;3;4;5;2;2;5;2;2;2;2;5;5;3
CreateDocBookAuthors;FALSE;FALSE;FALSE;FALSE;5;5;5;4;4;4;4;4;4;5;3;3;3;3;5;5;4
CreateDocBookEditors;FALSE;FALSE;FALSE;FALSE;5;5;5;4;3;4;4;2;1;5;2;2;2;3;5;5;5
CrossRef;FALSE;FALSE;FALSE;FALSE;5;5;5;4;4;4;5;4;4;5;5;5;4;4;5;5;3
CrossRefEntryComparator;FALSE;FALSE;FALSE;FALSE;5;5;5;5;4;4;5;2;2;5;4;4;3;4;5;5;3
CurrentDate;FALSE;FALSE;FALSE;FALSE;5;5;5;5;4;4;5;2;2;5;2;2;2;3;5;5;3
CustomExportDialog;FALSE;FALSE;FALSE;FALSE;5;5;5;4;3;4;4;3;4;5;4;4;5;5;5;5;5
CustomImporter;FALSE;FALSE;FALSE;FALSE;5;5;5;5;3;4;5;3;4;5;4;4;3;3;5;5;2
Database;FALSE;FALSE;FALSE;FALSE;5;5;5;4;3;4;4;2;1;5;4;4;4;5;5;5;2
DatabaseImporter;FALSE;FALSE;FALSE;FALSE;5;5;5;5;5;5;4;5;5;5;5;5;5;5;5;5;5
DatabasePropertiesDialog;FALSE;FALSE;FALSE;FALSE;5;5;5;5;3;5;5;5;5;5;4;4;5;5;5;5;5
DatabaseSearcher;FALSE;FALSE;FALSE;FALSE;5;5;5;4;3;4;4;3;2;5;2;2;2;2;5;5;4
DatabaseType;FALSE;FALSE;FALSE;FALSE;5;5;5;4;3;4;4;2;1;5;2;2;2;2;5;5;1
DatePickerButton;FALSE;FALSE;FALSE;FALSE;5;5;5;4;3;4;4;2;2;5;4;3;3;3;5;5;4
DbConnectAction;FALSE;FALSE;FALSE;FALSE;5;5;5;4;4;4;4;4;3;5;3;3;3;2;5;5;5
DBConnectDialog;FALSE;FALSE;FALSE;FALSE;5;5;5;5;5;4;4;4;4;5;4;4;5;5;5;5;4
DBExporterAndImporterFactory;FALSE;FALSE;FALSE;FALSE;5;5;5;4;3;4;4;2;1;5;2;2;2;2;5;5;3
DbImportAction;FALSE;FALSE;FALSE;FALSE;5;5;5;5;4;4;4;5;4;5;5;5;4;3;5;5;5
DBImporterResult;FALSE;FALSE;FALSE;FALSE;5;5;5;4;3;4;4;2;1;5;2;2;2;2;5;5;3
DBLPHelper;FALSE;FALSE;FALSE;FALSE;5;5;5;5;4;4;4;4;3;5;2;2;2;1;5;5;4
Default;FALSE;FALSE;FALSE;FALSE;5;5;5;4;4;4;4;2;2;5;2;2;2;3;5;5;2
DefaultAutoCompleter;FALSE;FALSE;FALSE;FALSE;5;5;5;4;3;4;4;2;1;5;2;2;2;2;5;5;3
DefaultDesktop;FALSE;FALSE;FALSE;FALSE;5;5;5;5;3;4;4;3;2;5;2;2;2;2;5;5;3
DOI;FALSE;FALSE;FALSE;FALSE;5;5;5;4;4;4;5;3;3;5;4;4;4;3;5;5;1
DOICheck;FALSE;FALSE;FALSE;FALSE;5;5;5;4;3;4;4;3;2;5;2;2;2;3;5;5;3
DoiCleanup;FALSE;FALSE;FALSE;FALSE;5;5;5;4;3;4;4;4;3;5;2;2;2;1;5;5;5
DoiResolution;FALSE;FALSE;FALSE;FALSE;5;5;5;4;4;4;5;4;4;5;4;4;3;3;5;5;4
DOIStrip;FALSE;FALSE;FALSE;FALSE;5;5;5;4;3;4;4;3;1;5;2;2;2;3;5;5;3
DownloadExternalFile;FALSE;FALSE;FALSE;FALSE;5;5;5;4;5;5;5;5;5;5;5;5;5;3;5;5;4
DragDropPane;FALSE;FALSE;FALSE;FALSE;5;5;5;5;5;5;4;5;4;5;5;5;5;4;5;5;3
DragDropPopupPane;FALSE;FALSE;FALSE;FALSE;5;5;5;4;4;4;4;2;2;5;2;2;2;2;5;5;3
DuplicateCheck;FALSE;FALSE;FALSE;FALSE;5;5;5;5;5;5;5;5;5;5;5;4;5;3;5;5;3
DuplicateResolverDialog;FALSE;FALSE;FALSE;FALSE;5;5;5;5;3;4;4;4;4;5;5;5;5;5;5;5;4
DuplicateSearch;FALSE;FALSE;FALSE;FALSE;5;5;5;4;5;5;5;5;5;5;5;5;4;3;5;5;5
DuplicationChecker;FALSE;FALSE;FALSE;FALSE;5;5;5;4;4;4;4;2;3;5;5;5;4;4;5;5;1
EmacsKeyBindings;FALSE;FALSE;FALSE;FALSE;5;5;5;5;5;4;5;5;5;5;5;5;5;3;5;5;2
EncodingControl;FALSE;FALSE;FALSE;FALSE;5;5;5;4;3;4;4;2;1;5;3;3;3;3;5;5;1
Encodings;FALSE;FALSE;FALSE;FALSE;5;5;5;5;3;4;4;2;1;5;5;4;4;5;5;5;1
EncryptedPdfsNotSupportedException;FALSE;FALSE;FALSE;FALSE;5;5;5;4;3;4;4;2;1;5;2;2;2;5;5;5;1
EndnoteImporter;FALSE;FALSE;FALSE;FALSE;5;5;5;4;5;5;4;5;5;5;5;5;5;5;5;5;3
EntireFieldAutoCompleter;FALSE;FALSE;FALSE;FALSE;5;5;5;4;3;4;4;2;1;5;2;2;2;2;5;5;3
EntriesGroupChange;FALSE;FALSE;FALSE;FALSE;5;5;5;4;3;4;4;2;2;5;2;2;2;2;5;5;1
EntryAddedEvent;FALSE;FALSE;FALSE;FALSE;5;5;5;4;3;4;5;2;1;5;2;2;2;3;5;5;2
EntryChangedEvent;FALSE;FALSE;FALSE;FALSE;5;5;5;4;3;4;4;2;1;5;2;2;2;4;5;5;2
EntryComparator;FALSE;FALSE;FALSE;FALSE;5;5;5;5;5;5;4;4;4;5;5;4;4;3;5;5;4
EntryContainer;FALSE;FALSE;FALSE;FALSE;5;5;5;4;3;4;4;2;1;5;2;2;2;4;5;5;2
EntryConverter;FALSE;FALSE;FALSE;FALSE;5;5;5;5;3;4;4;2;2;5;5;5;4;5;5;5;1
EntryCustomizationDialog;FALSE;FALSE;FALSE;FALSE;5;5;5;5;5;5;5;5;5;5;5;5;5;5;5;5;5
EntryEditorPrefsTab;FALSE;FALSE;FALSE;FALSE;5;5;5;5;4;5;4;3;5;5;4;4;4;2;5;5;5
EntryEditorTab;FALSE;FALSE;FALSE;FALSE;5;5;5;4;5;5;5;5;5;5;4;4;4;1;5;5;5
EntryEditorTabFocusListener;FALSE;FALSE;FALSE;FALSE;5;5;5;4;3;5;5;4;4;5;3;3;3;3;5;5;4
EntryEvent;FALSE;FALSE;FALSE;FALSE;5;5;5;4;3;4;5;2;1;5;2;2;2;3;5;5;2
EntryFetchers;FALSE;FALSE;FALSE;FALSE;5;5;5;4;3;4;4;2;1;5;3;3;3;4;5;5;5
EntryMarker;FALSE;FALSE;FALSE;FALSE;5;5;5;4;5;5;5;5;5;5;5;5;5;4;5;5;3
EntryRemovedEvent;FALSE;FALSE;FALSE;FALSE;5;5;5;4;3;4;4;2;1;5;2;2;2;4;5;5;2
EntrySorter;FALSE;FALSE;FALSE;FALSE;5;5;5;4;3;4;4;2;2;5;3;3;3;3;5;5;2
EntryTableTransferHandler;FALSE;FALSE;FALSE;FALSE;5;5;5;5;5;4;5;5;5;5;5;5;4;3;5;5;4
EntryType;FALSE;FALSE;FALSE;FALSE;5;5;5;4;3;4;4;4;2;5;4;4;2;2;5;5;1
EntryTypeList;FALSE;FALSE;FALSE;FALSE;5;5;5;5;4;4;5;4;4;5;4;4;4;3;5;5;5
EntryTypes;FALSE;FALSE;FALSE;FALSE;5;5;5;5;4;4;5;3;4;5;4;4;4;3;5;5;2
ErrorConsoleAction;FALSE;FALSE;FALSE;FALSE;5;5;5;5;4;4;4;3;3;5;2;2;2;1;5;5;4
EverythingMatcher;FALSE;FALSE;FALSE;FALSE;5;5;5;4;3;4;4;2;1;5;2;2;2;4;5;5;3
ExplicitGroup;FALSE;FALSE;FALSE;FALSE;5;5;5;5;3;4;4;3;4;5;3;3;3;1;5;5;2
ExportCustomizationDialog;FALSE;FALSE;FALSE;FALSE;5;5;5;4;4;4;4;2;4;5;4;4;5;5;5;5;5
ExportFileFilter;FALSE;FALSE;FALSE;FALSE;5;5;5;5;3;4;4;3;3;5;2;2;2;1;5;5;2
ExportToClipboardAction;FALSE;FALSE;FALSE;FALSE;5;5;5;5;5;4;4;5;4;5;3;3;3;2;5;5;5
ExternalFileMenuItem;FALSE;FALSE;FALSE;FALSE;5;5;5;5;4;4;4;5;4;5;4;4;5;5;5;5;4
ExternalFileTypeEditor;FALSE;FALSE;FALSE;FALSE;5;5;5;5;4;4;5;5;5;5;5;5;5;5;5;5;5
ExternalFileTypeEntryEditor;FALSE;FALSE;FALSE;FALSE;5;5;5;4;5;5;4;5;5;5;4;4;4;2;5;5;4
ExternalTab;FALSE;FALSE;FALSE;FALSE;5;5;5;5;3;4;4;2;3;5;2;2;2;1;5;5;5
FieldChange;FALSE;TRUE;FALSE;TRUE;5;5;5;4;3;5;4;2;3;5;2;2;2;1;5;5;1
FieldChangedEvent;FALSE;FALSE;FALSE;FALSE;5;5;5;4;3;4;4;2;1;5;2;2;2;2;5;5;2
FieldComparatorStack;FALSE;FALSE;FALSE;FALSE;5;5;5;5;3;4;4;2;2;5;2;2;2;2;5;5;1
FieldContentSelector;FALSE;FALSE;FALSE;FALSE;5;5;5;5;4;4;5;3;4;5;5;5;4;2;5;5;4
FieldEditor;FALSE;FALSE;FALSE;FALSE;5;5;5;4;3;4;4;2;2;5;2;2;2;2;5;5;1
FieldEditorFocusListener;FALSE;FALSE;FALSE;FALSE;5;5;5;4;3;4;4;3;1;5;2;2;2;2;5;5;2
FieldExtraComponents;FALSE;FALSE;FALSE;FALSE;5;5;5;5;4;4;5;5;5;5;5;5;5;3;5;5;5
FieldFormatterCleanupsPanel;FALSE;FALSE;FALSE;FALSE;5;5;5;5;5;4;5;5;5;5;4;4;5;5;5;5;4
FieldNameLabel;FALSE;FALSE;FALSE;FALSE;5;5;5;5;3;4;4;3;2;5;4;4;3;4;5;5;2
FieldProperties;FALSE;FALSE;FALSE;FALSE;5;5;5;4;3;4;4;2;1;5;3;2;2;2;5;5;1
FieldSetComponent;FALSE;FALSE;FALSE;FALSE;5;5;5;5;5;5;5;4;5;5;5;5;4;2;5;5;3
FieldTextMenu;FALSE;FALSE;FALSE;FALSE;5;5;5;5;5;4;5;3;4;5;2;2;2;1;5;5;4
FileBasedLock;FALSE;FALSE;FALSE;FALSE;5;5;5;4;3;4;5;2;2;5;4;3;4;5;5;5;2
FileDialogs;FALSE;FALSE;FALSE;FALSE;5;5;5;4;4;5;5;4;5;5;5;5;5;5;5;5;2
FileField;FALSE;FALSE;FALSE;FALSE;5;5;5;4;5;5;5;5;5;5;4;4;4;4;5;5;1
FileFinder;FALSE;FALSE;FALSE;FALSE;5;5;5;4;4;4;5;2;2;5;3;3;4;5;5;5;3
FileHistoryMenu;FALSE;FALSE;FALSE;FALSE;5;5;5;5;3;4;4;4;3;5;4;4;5;5;5;5;3
FileLinksUpgradeWarning;FALSE;FALSE;FALSE;FALSE;5;5;5;4;5;4;5;5;5;5;4;4;4;3;5;5;5
FileListEditor;FALSE;FALSE;FALSE;FALSE;5;5;5;5;5;5;5;5;5;5;4;4;4;2;5;5;5
FileListEditorTransferHandler;FALSE;FALSE;FALSE;FALSE;5;5;5;5;4;5;4;2;4;5;3;3;3;2;5;5;4
FileListEntryEditor;FALSE;FALSE;FALSE;FALSE;5;5;5;4;5;5;5;5;5;5;5;5;4;2;5;5;4
FileNameCleaner;FALSE;FALSE;FALSE;FALSE;5;5;5;4;3;4;5;2;1;5;3;3;4;5;5;5;1
FileSortTab;FALSE;FALSE;FALSE;FALSE;5;5;5;5;3;4;4;2;3;5;3;3;3;1;5;5;4
FileTab;FALSE;FALSE;FALSE;FALSE;5;5;5;5;3;5;4;3;5;5;2;2;2;1;5;5;5
FileUpdateListener;FALSE;FALSE;FALSE;FALSE;5;5;5;4;3;4;4;2;1;5;2;2;2;5;5;5;1
FileUpdateMonitor;FALSE;FALSE;FALSE;FALSE;5;5;5;4;4;4;5;3;4;5;5;5;4;3;5;5;2
FileUpdatePanel;FALSE;FALSE;FALSE;FALSE;5;5;5;5;3;4;4;2;2;5;4;4;3;3;5;5;5
FindFullText;FALSE;FALSE;FALSE;FALSE;5;5;5;4;3;4;4;4;3;5;2;2;2;1;5;5;5
FindFullTextAction;FALSE;FALSE;FALSE;FALSE;5;5;5;4;3;4;4;3;3;5;4;4;2;1;5;5;5
FindUnlinkedFilesDialog;FALSE;FALSE;FALSE;FALSE;5;5;5;5;5;5;5;5;5;5;5;5;5;5;5;5;5
FirstColumnComparator;FALSE;FALSE;FALSE;FALSE;5;5;5;5;4;4;4;2;2;5;2;2;2;2;5;5;4
FirstPage;FALSE;FALSE;FALSE;FALSE;5;5;5;4;3;4;4;2;1;5;2;2;2;3;5;5;2
FocusRequester;FALSE;FALSE;FALSE;FALSE;5;5;5;4;3;4;5;2;2;5;3;2;2;2;5;5;1
FontSelectorDialog;FALSE;FALSE;FALSE;FALSE;5;5;5;5;4;4;5;4;5;5;4;4;5;5;5;5;3
FormatNameFunction;FALSE;FALSE;FALSE;FALSE;5;5;5;4;4;4;4;4;3;5;4;4;4;4;5;5;4
FormatPagesForHTML;FALSE;FALSE;FALSE;FALSE;5;5;5;4;3;4;4;2;1;5;2;2;2;4;5;5;3
FormatPagesForXML;FALSE;FALSE;FALSE;FALSE;5;5;5;4;3;4;4;2;1;5;2;2;2;4;5;5;3
Formatter;FALSE;FALSE;FALSE;FALSE;5;5;5;4;3;4;4;3;1;5;2;2;2;2;5;5;1
Formatters;FALSE;FALSE;FALSE;FALSE;5;5;5;5;3;4;4;2;1;5;4;3;4;4;5;5;5
FromAuxDialog;FALSE;FALSE;FALSE;FALSE;5;5;5;5;4;4;5;4;5;5;3;3;5;5;5;5;5
FullTextFinder;FALSE;FALSE;FALSE;FALSE;5;5;5;4;3;4;4;2;1;5;2;2;2;4;5;5;1
GeneralFetcher;FALSE;FALSE;FALSE;FALSE;5;5;5;5;3;4;5;5;5;5;5;5;4;2;5;5;5
GeneralRenderer;FALSE;FALSE;FALSE;FALSE;5;5;5;4;3;4;4;3;3;5;3;3;5;5;5;5;1
GeneralTab;FALSE;FALSE;FALSE;FALSE;5;5;5;5;4;4;5;4;5;5;4;4;5;5;5;5;5
GenFieldsCustomizer;FALSE;FALSE;FALSE;FALSE;5;5;5;5;4;4;4;5;5;5;4;4;5;5;5;5;5
GetOpenOfficeType;FALSE;FALSE;FALSE;FALSE;5;5;5;4;3;5;4;2;3;5;4;4;4;5;5;5;2
GlobalFocusListener;FALSE;FALSE;FALSE;FALSE;5;5;5;4;3;4;4;2;2;5;2;2;2;2;5;5;1
GlobalSearchWorker;FALSE;FALSE;FALSE;FALSE;5;5;5;4;3;4;4;4;2;5;2;2;2;2;5;5;5
GoogleScholar;FALSE;FALSE;FALSE;FALSE;5;5;5;4;4;4;4;4;3;5;4;4;2;1;5;5;3
GrammarBasedSearchRule;FALSE;FALSE;FALSE;FALSE;5;5;5;4;4;4;4;5;5;5;3;3;3;1;5;5;3
GrammarBasedSearchRuleDescriber;FALSE;FALSE;FALSE;FALSE;5;5;5;4;3;5;4;3;4;5;4;4;4;4;5;5;4
GroupAddRemoveDialog;FALSE;FALSE;FALSE;FALSE;5;5;5;5;3;4;5;5;4;5;5;5;3;1;5;5;5
GroupDialog;FALSE;FALSE;FALSE;FALSE;5;5;5;5;4;5;5;4;5;5;5;5;5;4;5;5;5
GroupHierarchyType;FALSE;FALSE;FALSE;FALSE;5;5;5;4;3;4;4;2;1;5;2;2;2;3;5;5;1
GroupMatcher;FALSE;FALSE;FALSE;FALSE;5;5;5;4;3;4;4;2;1;5;2;2;2;4;5;5;2
GroupSelector;FALSE;FALSE;FALSE;FALSE;5;5;5;5;5;5;5;5;5;5;5;5;5;1;5;5;4
GroupsParser;FALSE;FALSE;FALSE;FALSE;5;5;5;4;5;4;5;4;3;5;3;3;4;5;5;5;4
GroupsPrefsTab;FALSE;FALSE;FALSE;FALSE;5;5;5;5;3;4;4;3;3;5;2;2;2;1;5;5;4
GroupsTree;FALSE;FALSE;FALSE;FALSE;5;5;5;5;5;5;5;5;5;5;5;5;5;2;5;5;5
GroupsUtil;FALSE;FALSE;FALSE;FALSE;5;5;5;4;5;4;5;5;4;5;4;4;4;4;5;5;4
GroupTreeCellRenderer;FALSE;FALSE;FALSE;FALSE;5;5;5;5;3;5;4;4;4;5;4;4;5;5;5;5;3
GuiAppender;FALSE;FALSE;FALSE;FALSE;5;5;5;5;3;4;5;2;2;5;3;3;3;3;5;5;3
GUIGlobals;FALSE;FALSE;FALSE;FALSE;5;5;5;5;3;4;5;5;4;5;5;5;5;4;5;5;3
GVKParser;FALSE;FALSE;FALSE;FALSE;5;5;5;5;5;5;5;5;5;5;5;5;5;4;5;5;3
HandleDuplicateWarnings;FALSE;FALSE;FALSE;FALSE;5;5;5;4;3;4;4;2;2;5;2;2;2;2;5;5;4
HelpAction;FALSE;FALSE;FALSE;FALSE;5;5;5;4;3;4;4;3;3;5;3;3;3;2;5;5;2
HighlightMatchingGroupPreferences;FALSE;FALSE;FALSE;FALSE;5;5;5;4;3;4;4;2;2;5;2;2;2;2;5;5;2
HitOrMissComparator;FALSE;FALSE;FALSE;FALSE;5;5;5;5;3;4;4;2;2;5;2;2;2;2;5;5;3
HTMLParagraphs;FALSE;FALSE;FALSE;FALSE;5;5;5;4;3;4;4;4;3;5;3;3;3;4;5;5;2
HtmlToUnicodeFormatter;FALSE;FALSE;FALSE;FALSE;5;5;5;4;3;4;4;2;1;5;2;2;2;2;5;5;3
HtmlTransferable;FALSE;FALSE;FALSE;FALSE;5;5;5;4;3;4;4;3;3;5;2;2;2;1;5;5;1
HTMLUnicodeConversionMaps;FALSE;FALSE;FALSE;FALSE;5;5;5;5;3;4;5;2;3;5;5;5;4;2;5;5;1
IconComparator;FALSE;FALSE;FALSE;FALSE;5;5;5;5;3;4;5;2;3;5;3;3;3;3;5;5;2
IdComparator;FALSE;FALSE;FALSE;FALSE;5;5;5;5;3;4;4;2;1;5;2;2;2;4;5;5;3
IdentityFormatter;FALSE;FALSE;FALSE;FALSE;5;5;5;4;3;4;4;2;1;5;3;3;3;4;5;5;2
IdGenerator;FALSE;FALSE;FALSE;FALSE;5;5;5;4;3;4;5;2;1;5;3;3;4;5;5;5;1
IEEE;FALSE;FALSE;FALSE;FALSE;5;5;5;4;4;4;5;5;4;5;3;3;3;3;5;5;4
IEEETranEntryTypes;FALSE;FALSE;FALSE;FALSE;5;5;5;5;3;4;5;2;3;5;5;5;5;5;5;5;2
IExportFormat;FALSE;FALSE;FALSE;FALSE;5;5;5;4;3;4;4;2;1;5;4;2;2;3;5;5;2
IfPlural;FALSE;FALSE;FALSE;FALSE;5;5;5;4;4;4;4;2;2;5;4;4;2;2;5;5;2
ImportCustomizationDialog;FALSE;FALSE;FALSE;FALSE;5;5;5;5;5;5;5;4;5;5;5;5;5;5;5;5;5
ImportFileFilter;FALSE;FALSE;FALSE;FALSE;5;5;5;4;3;4;4;3;3;5;2;2;2;1;5;5;2
ImportFormat;FALSE;FALSE;FALSE;FALSE;5;5;5;4;3;4;4;4;4;5;3;3;2;1;5;5;1
ImportFormats;FALSE;FALSE;FALSE;FALSE;5;5;5;4;5;4;5;5;4;5;4;4;4;4;5;5;5
ImportInspectionCommandLine;FALSE;FALSE;FALSE;FALSE;5;5;5;5;3;4;4;2;3;5;4;4;4;5;5;5;4
ImportInspector;FALSE;FALSE;FALSE;FALSE;5;5;5;4;3;4;4;2;1;5;2;2;2;4;5;5;1
ImportMenuItem;FALSE;FALSE;FALSE;FALSE;5;5;5;4;5;5;4;5;5;5;5;5;5;5;5;5;5
IncompleteRenderer;FALSE;FALSE;FALSE;FALSE;5;5;5;4;3;4;4;2;1;5;2;2;2;3;5;5;4
InspecImporter;FALSE;FALSE;FALSE;FALSE;5;5;5;4;5;5;4;5;5;5;4;4;5;4;5;5;3
INSPIREBibtexFilterReader;FALSE;FALSE;FALSE;FALSE;5;5;5;4;3;4;4;3;2;5;3;3;2;1;5;5;1
IntegrityCheckAction;FALSE;FALSE;FALSE;FALSE;5;5;5;4;5;4;4;5;4;5;2;2;2;1;5;5;5
IntegrityMessage;FALSE;FALSE;FALSE;FALSE;5;5;5;5;3;4;4;2;2;5;4;4;4;5;5;5;2
IsiImporter;FALSE;FALSE;FALSE;FALSE;5;5;5;5;5;5;5;5;5;5;5;5;5;5;5;5;3
IsMarkedComparator;FALSE;FALSE;FALSE;FALSE;5;5;5;5;3;4;4;2;2;5;4;4;3;5;5;5;4
Iso690FormatDate;FALSE;FALSE;FALSE;FALSE;5;5;5;4;3;4;4;4;3;5;2;2;2;2;5;5;3
Iso690NamesAuthors;FALSE;FALSE;FALSE;FALSE;5;5;5;5;3;5;4;5;4;5;3;3;3;3;5;5;3
ISSNChecker;FALSE;FALSE;FALSE;FALSE;5;5;5;4;5;5;4;3;3;5;3;3;3;3;5;5;4
JabRefCLI;FALSE;FALSE;FALSE;FALSE;5;5;5;5;3;4;5;5;5;5;5;5;5;3;5;5;4
JabRefLogger;FALSE;FALSE;FALSE;FALSE;5;5;5;4;3;4;5;3;2;5;3;3;4;5;5;5;1
JabRefMessageHandler;FALSE;FALSE;FALSE;FALSE;5;5;5;4;3;4;4;3;2;5;2;2;2;2;5;5;4
JabRefPreferencesFilter;FALSE;FALSE;FALSE;FALSE;5;5;5;5;3;4;4;4;3;5;3;2;2;1;5;5;2
JabRefPreferencesFilterDialog;FALSE;FALSE;FALSE;FALSE;5;5;5;5;3;4;4;3;4;5;4;4;5;5;5;5;4
JournalAbbreviationRepository;FALSE;FALSE;FALSE;FALSE;5;5;5;4;4;4;4;5;4;5;2;2;2;1;5;5;1
JournalAbbreviationsUtil;FALSE;FALSE;FALSE;FALSE;5;5;5;4;5;4;5;3;2;5;3;3;4;5;5;5;4
JournalAbbreviator;FALSE;FALSE;FALSE;FALSE;5;5;5;4;3;4;4;3;2;5;2;2;2;3;5;5;4
JournalAutoCompleter;FALSE;FALSE;FALSE;FALSE;5;5;5;4;3;4;4;3;2;5;2;2;2;2;5;5;4
JSONEntryParser;FALSE;FALSE;FALSE;FALSE;5;5;5;4;4;5;4;5;5;5;5;5;5;5;5;5;2
JTextAreaWithHighlighting;FALSE;FALSE;FALSE;FALSE;5;5;5;5;5;5;4;4;4;5;5;5;5;5;5;5;4
JTextFieldChangeListenerUtil;FALSE;FALSE;FALSE;FALSE;5;5;5;4;3;4;5;3;3;5;4;4;4;5;5;5;1
JTextFieldWithUnfocusedText;FALSE;FALSE;FALSE;FALSE;5;5;5;4;4;4;4;3;3;5;3;3;5;5;5;5;1
KeyBinder;FALSE;FALSE;FALSE;FALSE;5;5;5;4;3;4;5;3;2;5;3;3;4;5;5;5;3
KeyBinding;FALSE;FALSE;FALSE;FALSE;5;5;5;4;3;4;4;2;1;5;3;3;3;1;5;5;1
KeyBindingPreferences;FALSE;FALSE;FALSE;FALSE;5;5;5;4;4;4;4;3;3;5;3;3;2;1;5;5;1
KeyBindingRepository;FALSE;FALSE;FALSE;FALSE;5;5;5;4;3;4;4;4;4;5;2;2;2;1;5;5;2
KeyBindingsDialog;FALSE;FALSE;FALSE;FALSE;5;5;5;5;3;4;4;4;4;5;5;5;5;5;5;5;5
KeyBindingsListener;FALSE;FALSE;FALSE;FALSE;5;5;5;5;4;4;5;3;3;5;4;4;4;4;5;5;3
KeyBindingTable;FALSE;FALSE;FALSE;FALSE;5;5;5;4;3;4;4;2;1;5;2;2;2;3;5;5;2
KeyBindingTableModel;FALSE;FALSE;FALSE;FALSE;5;5;5;5;3;4;4;4;3;5;2;2;2;1;5;5;3
KeyCollisionException;FALSE;FALSE;FALSE;FALSE;5;5;5;4;3;4;4;2;1;5;2;2;2;3;5;5;1
LabelPatternPanel;FALSE;FALSE;FALSE;FALSE;5;5;5;5;4;4;5;4;4;5;2;2;2;1;5;5;5
LabelPatternPrefTab;FALSE;FALSE;FALSE;FALSE;5;5;5;5;3;4;4;5;5;5;2;2;2;1;5;5;5
Languages;FALSE;FALSE;FALSE;FALSE;5;5;5;5;3;4;4;2;1;5;4;4;4;5;5;5;1
LastPage;FALSE;FALSE;FALSE;FALSE;5;5;5;4;3;4;4;2;2;5;2;2;2;2;5;5;2
Layout;FALSE;FALSE;FALSE;FALSE;5;5;5;4;4;5;4;3;4;5;4;4;4;3;5;5;2
LayoutFormatter;FALSE;FALSE;FALSE;FALSE;5;5;5;4;3;4;4;2;1;5;2;2;2;5;5;5;1
LayoutHelper;FALSE;FALSE;FALSE;FALSE;5;5;5;5;5;5;5;3;5;5;5;5;5;4;5;5;2
Linux;FALSE;FALSE;FALSE;FALSE;5;5;5;5;3;4;5;5;4;5;2;2;2;1;5;5;4
ListAutoCompleteRenderer;FALSE;FALSE;FALSE;FALSE;5;5;5;4;4;4;4;3;3;5;2;2;2;1;5;5;3
ListSynchronizer;FALSE;FALSE;FALSE;FALSE;5;5;5;4;3;4;4;3;2;5;2;2;2;1;5;5;4
LocalizationKey;FALSE;FALSE;FALSE;FALSE;5;5;5;4;3;4;4;2;1;5;2;2;2;2;5;5;1
LocalizationKeyParams;FALSE;FALSE;FALSE;FALSE;5;5;5;4;3;4;4;2;1;5;2;2;2;2;5;5;2
LowerCaseFormatter;FALSE;FALSE;FALSE;FALSE;5;5;5;4;3;4;4;3;2;5;2;2;2;2;5;5;2
MacAdapter;FALSE;FALSE;FALSE;FALSE;5;5;5;5;3;4;4;3;3;5;1;1;1;1;5;5;3
MainTableColumn;FALSE;FALSE;FALSE;FALSE;5;5;5;4;4;4;4;3;4;5;4;4;3;2;5;5;3
MainTableDataModel;FALSE;FALSE;FALSE;FALSE;5;5;5;5;5;4;5;4;5;5;2;2;2;1;5;5;3
MainTableFormat;FALSE;FALSE;FALSE;FALSE;5;5;5;4;4;5;4;4;4;5;3;3;3;2;5;5;4
MainTableHeaderRenderer;FALSE;FALSE;FALSE;FALSE;5;5;5;4;4;4;4;3;3;5;2;2;2;2;5;5;1
MainTableNameFormatter;FALSE;FALSE;FALSE;FALSE;5;5;5;4;4;4;5;3;2;5;4;4;4;5;5;5;3
MainTableSelectionListener;FALSE;FALSE;FALSE;FALSE;5;5;5;5;5;5;5;5;5;5;5;5;5;3;5;5;5
ManageJournalsAction;FALSE;FALSE;FALSE;FALSE;5;5;5;4;3;4;4;3;2;5;2;2;2;2;5;5;4
ManageJournalsPanel;FALSE;FALSE;FALSE;FALSE;5;5;5;5;5;4;5;5;5;5;4;3;3;1;5;5;5
ManageKeywordsAction;FALSE;FALSE;FALSE;FALSE;5;5;5;4;5;5;5;5;5;5;4;4;4;1;5;5;5
MarkEntriesAction;FALSE;FALSE;FALSE;FALSE;5;5;5;4;3;4;4;4;3;5;4;3;3;1;5;5;4
MassSetFieldAction;FALSE;FALSE;FALSE;FALSE;5;5;5;5;5;5;4;5;5;5;4;4;4;2;5;5;5
MatcherSet;FALSE;FALSE;FALSE;FALSE;5;5;5;4;3;4;5;2;2;5;4;4;4;5;5;5;1
MatcherSets;FALSE;FALSE;FALSE;FALSE;5;5;5;4;3;4;5;2;1;5;2;2;2;3;5;5;3
MatchesHighlighter;FALSE;FALSE;FALSE;FALSE;5;5;5;4;4;4;5;3;3;5;4;4;4;5;5;5;1
MedlineHandler;FALSE;FALSE;FALSE;FALSE;5;5;5;5;5;5;5;5;5;5;5;5;5;4;5;5;3
MedlineImporter;FALSE;FALSE;FALSE;FALSE;5;5;5;5;4;4;5;4;3;5;4;4;4;4;5;5;3
MergeDialog;FALSE;FALSE;FALSE;FALSE;5;5;5;4;3;4;4;3;4;5;3;3;5;5;5;5;4
MergeEntries;FALSE;FALSE;FALSE;FALSE;5;5;5;4;5;5;5;5;5;5;5;5;5;3;5;5;4
MergeEntriesDialog;FALSE;FALSE;FALSE;FALSE;5;5;5;4;3;4;4;3;3;5;3;3;5;5;5;5;5
MergeEntryDOIDialog;FALSE;FALSE;FALSE;FALSE;5;5;5;5;5;4;5;4;4;5;4;4;5;5;5;5;5
MessageHandler;FALSE;FALSE;FALSE;FALSE;5;5;5;4;3;4;4;2;1;5;2;2;2;5;5;5;1
MimeTypeDetector;FALSE;FALSE;FALSE;FALSE;5;5;5;5;3;4;5;3;2;5;3;3;4;5;5;5;1
MinifyNameListFormatter;FALSE;FALSE;FALSE;FALSE;5;5;5;4;3;4;4;3;2;5;3;3;3;4;5;5;2
MODSDatabase;FALSE;FALSE;FALSE;FALSE;5;5;5;4;4;4;4;4;3;5;2;2;2;1;5;5;4
MODSEntry;FALSE;FALSE;FALSE;FALSE;5;5;5;5;4;5;4;5;5;5;5;5;5;4;5;5;5
ModsExportFormat;FALSE;FALSE;FALSE;FALSE;5;5;5;4;4;4;5;2;2;5;4;4;4;4;5;5;5
MonitoredURLDownload;FALSE;FALSE;FALSE;FALSE;5;5;5;4;3;4;5;2;1;5;3;3;4;5;5;5;2
MonthUtil;FALSE;FALSE;FALSE;FALSE;5;5;5;4;4;4;5;3;4;5;3;3;4;3;5;5;1
MoveFileAction;FALSE;FALSE;FALSE;FALSE;5;5;5;4;5;5;4;5;5;5;5;5;5;4;5;5;5
MoveFilesCleanup;FALSE;FALSE;FALSE;FALSE;5;5;5;5;4;4;4;5;4;5;4;4;4;5;5;5;4
MoveGroupChange;FALSE;FALSE;FALSE;FALSE;5;5;5;4;3;4;5;2;2;5;2;2;2;2;5;5;2
MSBibConverter;FALSE;FALSE;FALSE;FALSE;5;5;5;4;5;5;5;4;4;5;5;5;5;4;5;5;5
MSBibDatabase;FALSE;FALSE;FALSE;FALSE;5;5;5;4;4;4;4;4;4;5;4;4;3;2;5;5;3
MSBibEntry;FALSE;FALSE;FALSE;FALSE;5;5;5;4;4;5;5;5;5;5;5;5;5;5;5;5;3
MSBibEntryType;FALSE;FALSE;FALSE;FALSE;5;5;5;4;3;4;4;2;1;5;5;5;4;5;5;5;1
MSBibExportFormat;FALSE;FALSE;FALSE;FALSE;5;5;5;4;4;4;5;2;2;5;4;4;4;4;5;5;4
MsBibImporter;FALSE;FALSE;FALSE;FALSE;5;5;5;5;4;4;4;3;2;5;4;3;3;3;5;5;3
MSBibMapping;FALSE;FALSE;FALSE;FALSE;5;5;5;4;3;4;5;4;3;5;5;5;4;4;5;5;4
MySQL;FALSE;FALSE;FALSE;FALSE;5;5;5;5;3;4;5;4;3;5;5;5;5;4;5;5;5
NameFieldAutoCompleter;FALSE;FALSE;FALSE;FALSE;5;5;5;5;4;5;5;3;4;5;2;2;2;1;5;5;4
NameFormatterTab;FALSE;FALSE;FALSE;FALSE;5;5;5;5;5;5;4;4;5;5;4;4;4;3;5;5;5
NetworkTab;FALSE;FALSE;FALSE;FALSE;5;5;5;5;5;4;4;4;4;5;4;4;3;2;5;5;4
NewDatabaseAction;FALSE;FALSE;FALSE;FALSE;5;5;5;4;3;4;4;2;2;5;2;2;2;2;5;5;5
NewEntryAction;FALSE;FALSE;FALSE;FALSE;5;5;5;4;3;4;4;4;3;5;2;2;2;1;5;5;5
NewSubDatabaseAction;FALSE;FALSE;FALSE;FALSE;5;5;5;4;3;4;4;2;2;5;2;2;2;2;5;5;5
NewVersionDialog;FALSE;FALSE;FALSE;FALSE;5;5;5;4;3;4;4;2;3;5;3;3;5;5;5;5;4
NoDocumentException;FALSE;FALSE;FALSE;FALSE;5;5;5;4;3;4;4;2;1;5;2;2;2;4;5;5;1
NormalizeNamesFormatter;FALSE;FALSE;FALSE;FALSE;5;5;5;4;3;4;4;2;1;5;2;2;2;2;5;5;2
NoSpaceBetweenAbbreviations;FALSE;FALSE;FALSE;FALSE;5;5;5;4;3;4;4;2;1;5;2;2;2;4;5;5;2
NotFoundFormatter;FALSE;FALSE;FALSE;FALSE;5;5;5;4;3;4;4;2;1;5;2;2;2;3;5;5;4
NotMatcher;FALSE;FALSE;FALSE;FALSE;5;5;5;4;3;4;4;2;1;5;2;2;2;3;5;5;3
Number;FALSE;FALSE;FALSE;FALSE;5;5;5;4;3;4;4;2;1;5;2;2;2;3;5;5;4
OAI2Handler;FALSE;FALSE;FALSE;FALSE;5;5;5;5;4;5;4;4;4;5;4;4;4;4;5;5;2
OOBibBase;FALSE;FALSE;FALSE;FALSE;5;5;5;5;5;5;5;5;5;5;5;5;5;5;5;5;5
OOCalcDatabase;FALSE;FALSE;FALSE;FALSE;5;5;5;5;4;4;4;5;4;5;5;5;4;3;5;5;5
OOUtil;FALSE;FALSE;FALSE;FALSE;5;5;5;4;3;5;5;5;5;5;5;5;5;5;5;5;4
OpenBrowserAction;FALSE;FALSE;FALSE;FALSE;5;5;5;4;3;4;4;2;2;5;2;2;2;2;5;5;3
OpenDocumentRepresentation;FALSE;FALSE;FALSE;FALSE;5;5;5;5;4;4;4;5;4;5;5;5;4;3;5;5;5
OpenDocumentSpreadsheetCreator;FALSE;FALSE;FALSE;FALSE;5;5;5;5;5;4;4;4;4;5;5;4;4;3;5;5;5
OpenFileFilter;FALSE;FALSE;FALSE;FALSE;5;5;5;5;4;4;5;3;3;5;2;2;2;1;5;5;1
OpenOfficeDocumentCreator;FALSE;FALSE;FALSE;FALSE;5;5;5;5;5;4;4;4;4;5;4;3;4;3;5;5;4
OpenOfficeFileSearch;FALSE;FALSE;FALSE;FALSE;5;5;5;5;5;4;4;4;4;5;4;4;3;3;5;5;1
OpenOfficePanel;FALSE;FALSE;FALSE;FALSE;5;5;5;5;5;5;5;5;5;5;5;5;5;4;5;5;5
Ordinal;FALSE;FALSE;FALSE;FALSE;5;5;5;4;3;4;4;3;2;5;3;3;3;4;5;5;2
OrdinalsToSuperscriptFormatter;FALSE;FALSE;FALSE;FALSE;5;5;5;4;3;4;4;2;2;5;3;3;3;4;5;5;2
OrMatcher;FALSE;FALSE;FALSE;FALSE;5;5;5;4;4;4;4;2;1;5;2;2;2;3;5;5;3
OSX;FALSE;FALSE;FALSE;FALSE;5;5;5;4;3;4;5;4;3;5;3;3;3;3;5;5;4
OSXCompatibleToolbar;FALSE;FALSE;FALSE;FALSE;5;5;5;4;3;4;5;2;2;5;3;3;3;3;5;5;1
OutputPrinter;FALSE;FALSE;FALSE;FALSE;5;5;5;4;3;4;4;2;1;5;2;2;2;4;5;5;1
OverlayPanel;FALSE;FALSE;FALSE;FALSE;5;5;5;4;4;4;4;2;2;5;2;2;2;2;5;5;1
OvidImporter;FALSE;FALSE;FALSE;FALSE;5;5;5;5;5;5;5;5;5;5;5;5;5;5;5;5;3
PageNumbers;FALSE;FALSE;FALSE;FALSE;5;5;5;4;3;4;4;4;3;5;2;2;2;1;5;5;1
ParamLayoutFormatter;FALSE;FALSE;FALSE;FALSE;5;5;5;4;3;4;4;2;1;5;3;3;3;5;5;5;1
ParsedFileField;FALSE;FALSE;FALSE;FALSE;5;5;5;4;3;4;4;2;2;5;2;2;2;1;5;5;1
ParserResult;FALSE;FALSE;FALSE;FALSE;5;5;5;4;3;4;4;2;4;5;3;3;2;1;5;5;1
ParserResultWarningDialog;FALSE;FALSE;FALSE;FALSE;5;5;5;4;5;4;5;3;2;5;3;3;4;4;5;5;3
PasteAction;FALSE;FALSE;FALSE;FALSE;5;5;5;4;3;4;4;3;2;5;2;2;2;2;5;5;3
PdfContentImporter;FALSE;FALSE;FALSE;FALSE;5;5;5;5;5;5;5;5;5;5;5;5;5;4;5;5;4
PdfXmpImporter;FALSE;FALSE;FALSE;FALSE;5;5;5;4;3;4;4;2;2;5;4;3;3;2;5;5;3
PersonName;FALSE;FALSE;FALSE;FALSE;5;5;5;4;4;4;4;4;4;5;3;3;3;1;5;5;2
PositionWindow;FALSE;FALSE;FALSE;FALSE;5;5;5;4;3;4;4;5;4;5;2;2;2;1;5;5;2
PostgreSQL;FALSE;FALSE;FALSE;FALSE;5;5;5;4;3;4;4;3;3;5;5;5;5;4;5;5;5
PreambleEditor;FALSE;FALSE;FALSE;FALSE;5;5;5;5;4;4;4;4;5;5;4;4;5;5;5;5;5
PreferencesDialog;FALSE;FALSE;FALSE;FALSE;5;5;5;4;4;4;5;4;4;5;5;5;5;5;5;5;5
PreferencesMigrations;FALSE;FALSE;FALSE;FALSE;5;5;5;4;3;4;5;5;3;5;3;3;4;3;5;5;4
PrefsTab;FALSE;FALSE;FALSE;FALSE;5;5;5;4;3;4;4;2;1;5;2;2;2;4;5;5;1
PreventDraggingJTableHeader;FALSE;FALSE;FALSE;FALSE;5;5;5;5;4;4;4;4;3;5;2;2;2;1;5;5;4
PreviewPanelTransferHandler;FALSE;FALSE;FALSE;FALSE;5;5;5;4;3;4;4;3;2;5;2;2;2;1;5;5;4
PreviewPrefsTab;FALSE;FALSE;FALSE;FALSE;5;5;5;5;3;4;4;5;4;5;4;4;4;2;5;5;5
Protocol;FALSE;FALSE;FALSE;FALSE;5;5;5;5;4;4;4;3;3;5;4;4;4;4;5;5;1
ProxyAuthenticator;FALSE;FALSE;FALSE;FALSE;5;5;5;5;4;4;4;3;2;5;2;2;2;2;5;5;1
ProxyRegisterer;FALSE;FALSE;FALSE;FALSE;5;5;5;4;3;4;5;2;1;5;3;3;4;5;5;5;2
PurifyFunction;FALSE;FALSE;FALSE;FALSE;5;5;5;4;3;4;4;3;2;5;3;3;3;5;5;5;4
PushToApplication;FALSE;FALSE;FALSE;FALSE;5;5;5;4;3;4;4;2;2;5;2;2;2;2;5;5;2
PushToApplicationAction;FALSE;FALSE;FALSE;FALSE;5;5;5;5;4;4;4;4;3;5;2;2;2;1;5;5;5
PushToApplicationButton;FALSE;FALSE;FALSE;FALSE;5;5;5;4;4;4;4;5;5;5;4;4;3;1;5;5;4
PushToApplications;FALSE;FALSE;FALSE;FALSE;5;5;5;4;3;4;5;2;1;5;3;3;4;5;5;5;4
PushToEmacs;FALSE;FALSE;FALSE;FALSE;5;5;5;5;4;5;4;5;4;5;5;5;5;4;5;5;5
PushToLatexEditor;FALSE;FALSE;FALSE;FALSE;5;5;5;5;3;4;4;2;1;5;2;2;2;2;5;5;4
PushToLyx;FALSE;FALSE;FALSE;FALSE;5;5;5;5;3;4;4;4;3;5;3;3;3;2;5;5;5
PushToTexmaker;FALSE;FALSE;FALSE;FALSE;5;5;5;5;3;4;4;2;1;5;2;2;2;2;5;5;4
PushToTeXstudio;FALSE;FALSE;FALSE;FALSE;5;5;5;5;3;4;4;2;1;5;2;2;2;2;5;5;4
PushToVim;FALSE;FALSE;FALSE;FALSE;5;5;5;5;4;4;4;4;3;5;4;4;5;4;5;5;5
PushToWinEdt;FALSE;FALSE;FALSE;FALSE;5;5;5;5;3;4;4;2;1;5;2;2;2;2;5;5;4
QuotedStringTokenizer;FALSE;FALSE;FALSE;FALSE;5;5;5;4;3;4;4;3;3;5;2;2;2;1;5;5;1
RankingFieldComparator;FALSE;FALSE;FALSE;FALSE;5;5;5;5;3;4;4;2;2;5;2;2;2;2;5;5;4
RegexBasedSearchRule;FALSE;FALSE;FALSE;FALSE;5;5;5;5;4;4;5;3;3;5;4;4;3;4;5;5;3
RegExpFileSearch;FALSE;FALSE;FALSE;FALSE;5;5;5;4;5;5;5;5;5;5;5;5;5;5;5;5;3
RelativePathsCleanup;FALSE;FALSE;FALSE;FALSE;5;5;5;4;4;4;4;4;3;5;3;3;3;4;5;5;5
RemoteListenerClient;FALSE;FALSE;FALSE;FALSE;5;5;5;5;3;4;5;2;2;5;4;4;4;5;5;5;3
RemoteListenerServer;FALSE;FALSE;FALSE;FALSE;5;5;5;4;3;4;4;2;2;5;4;4;4;4;5;5;4
RemoteListenerServerThread;FALSE;FALSE;FALSE;FALSE;5;5;5;4;3;4;4;2;2;5;2;2;2;2;5;5;4
RemoteUtil;FALSE;FALSE;FALSE;FALSE;5;5;5;4;3;4;5;2;1;5;3;3;4;5;5;5;1
RemoveBracesFormatter;FALSE;FALSE;FALSE;FALSE;5;5;5;4;4;4;4;3;3;5;2;2;2;1;5;5;2
RemoveBrackets;FALSE;FALSE;FALSE;FALSE;5;5;5;4;4;4;4;2;1;5;2;2;2;3;5;5;1
RemoveBracketsAddComma;FALSE;FALSE;FALSE;FALSE;5;5;5;4;3;4;4;2;1;5;2;2;2;3;5;5;2
RemoveFromGroupAction;FALSE;FALSE;FALSE;FALSE;5;5;5;5;3;4;4;3;3;5;2;2;2;1;5;5;4
RemoveTilde;FALSE;FALSE;FALSE;FALSE;5;5;5;4;4;4;4;2;1;5;3;3;3;4;5;5;2
RemoveWhitespace;FALSE;FALSE;FALSE;FALSE;5;5;5;4;3;4;4;2;1;5;2;2;2;3;5;5;2
RenamePdfCleanup;FALSE;FALSE;FALSE;FALSE;5;5;5;4;5;5;4;5;5;5;4;4;4;4;5;5;4
RepecNepImporter;FALSE;FALSE;FALSE;FALSE;5;5;5;4;5;5;5;5;5;5;5;5;5;3;5;5;3
Replace;FALSE;FALSE;FALSE;FALSE;5;5;5;4;4;4;4;2;2;5;4;4;2;2;5;5;2
ReplaceStringDialog;FALSE;FALSE;FALSE;FALSE;5;5;5;4;5;4;5;4;4;5;3;3;5;5;5;5;5
ResolveDuplicateLabelDialog;FALSE;FALSE;FALSE;FALSE;5;5;5;4;4;4;4;2;4;5;2;2;2;1;5;5;5
RightClickMenu;FALSE;FALSE;FALSE;FALSE;5;5;5;4;4;5;5;4;5;5;5;5;5;4;5;5;5
RisMonth;FALSE;FALSE;FALSE;FALSE;5;5;5;5;3;4;5;2;2;5;2;2;2;3;5;5;3
RtfCharMap;FALSE;FALSE;FALSE;FALSE;5;5;5;5;3;4;4;2;1;5;3;3;3;1;5;5;1
RtfSelection;FALSE;FALSE;FALSE;FALSE;5;5;5;5;3;4;4;2;2;5;2;2;2;1;5;5;1
SaveAllAction;FALSE;FALSE;FALSE;FALSE;5;5;5;4;3;4;4;3;2;5;3;3;2;1;5;5;5
SaveDatabaseAction;FALSE;FALSE;FALSE;FALSE;5;5;5;4;4;5;5;5;5;5;5;5;5;3;5;5;5
SaveException;FALSE;FALSE;FALSE;FALSE;5;5;5;5;3;4;4;2;3;5;4;4;4;4;5;5;1
SaveOrderConfigDisplay;FALSE;FALSE;FALSE;FALSE;5;5;5;5;3;4;4;5;4;5;3;3;3;2;5;5;4
ScienceDirect;FALSE;FALSE;FALSE;FALSE;5;5;5;4;4;4;5;4;4;5;4;4;3;3;5;5;3
SearchBar;FALSE;FALSE;FALSE;FALSE;5;5;5;5;4;4;4;5;5;5;2;2;2;1;5;5;4
SearchDescriber;FALSE;FALSE;FALSE;FALSE;5;5;5;4;3;4;4;2;1;5;2;2;2;5;5;5;1
SearchDescribers;FALSE;FALSE;FALSE;FALSE;5;5;5;4;3;4;5;3;2;5;3;3;4;5;5;5;5
SearchFixDuplicateLabels;FALSE;FALSE;FALSE;FALSE;5;5;5;5;4;4;4;4;4;5;4;4;3;3;5;5;5
SearchForUpdateAction;FALSE;FALSE;FALSE;FALSE;5;5;5;4;3;4;4;2;1;5;2;2;2;3;5;5;4
SearchMatcher;FALSE;FALSE;FALSE;FALSE;5;5;5;4;3;4;4;2;1;5;2;2;2;4;5;5;2
SearchMatcher;FALSE;FALSE;FALSE;FALSE;5;5;5;4;3;4;4;2;1;5;2;2;2;4;5;5;2
SearchMatcher;FALSE;FALSE;FALSE;FALSE;5;5;5;4;3;4;4;2;1;5;2;2;2;4;5;5;2
SearchMatcher;FALSE;FALSE;FALSE;FALSE;5;5;5;4;3;4;4;2;1;5;2;2;2;4;5;5;2
SearchMode;FALSE;FALSE;FALSE;FALSE;5;5;5;4;3;4;4;2;1;5;2;2;2;2;5;5;2
SearchQuery;FALSE;FALSE;FALSE;FALSE;5;5;5;4;3;4;5;2;3;5;2;2;2;1;5;5;3
SearchQueryHighlightListener;FALSE;FALSE;FALSE;FALSE;5;5;5;4;3;4;4;2;1;5;2;2;2;4;5;5;1
SearchQueryHighlightObservable;FALSE;FALSE;FALSE;FALSE;5;5;5;4;4;4;4;2;3;5;2;2;2;1;5;5;2
SearchResultsDialog;FALSE;FALSE;FALSE;FALSE;5;5;5;4;5;5;5;5;5;5;5;5;5;2;5;5;5
SearchRule;FALSE;FALSE;FALSE;FALSE;5;5;5;4;3;4;4;2;1;5;2;2;2;4;5;5;1
SearchRules;FALSE;FALSE;FALSE;FALSE;5;5;5;4;3;4;5;2;1;5;3;3;4;5;5;5;4
SearchWorker;FALSE;FALSE;FALSE;FALSE;5;5;5;4;4;4;4;5;4;5;2;2;2;1;5;5;5
SendAsEMailAction;FALSE;FALSE;FALSE;FALSE;5;5;5;4;5;5;4;5;4;5;4;4;4;3;5;5;5
SentenceAnalyzer;FALSE;FALSE;FALSE;FALSE;5;5;5;4;4;4;4;4;3;5;4;4;4;5;5;5;1
SentenceCaseFormatter;FALSE;FALSE;FALSE;FALSE;5;5;5;4;3;4;4;3;2;5;2;2;2;2;5;5;3
SidePane;FALSE;FALSE;FALSE;FALSE;5;5;5;4;3;4;4;3;3;5;4;4;3;2;5;5;2
SidePaneComponent;FALSE;FALSE;FALSE;FALSE;5;5;5;4;3;4;5;2;3;5;2;2;2;1;5;5;2
SidePaneManager;FALSE;FALSE;FALSE;FALSE;5;5;5;5;4;4;5;5;5;5;2;2;2;1;5;5;2
SilverPlatterImporter;FALSE;FALSE;FALSE;FALSE;5;5;5;5;5;5;5;5;5;5;5;5;5;5;5;5;3
SimpleUrlDragDrop;FALSE;FALSE;FALSE;FALSE;5;5;5;4;3;4;4;2;3;5;3;3;3;3;5;5;4
SortTabsAction;FALSE;FALSE;FALSE;FALSE;5;5;5;5;4;4;5;3;3;5;2;2;2;2;5;5;4
SpecialFieldAction;FALSE;FALSE;FALSE;FALSE;5;5;5;4;4;4;4;4;4;5;4;3;3;2;5;5;4
SpecialFieldDatabaseChangeListener;FALSE;FALSE;FALSE;FALSE;5;5;5;5;3;4;4;2;2;5;3;3;3;3;5;5;4
SpecialFieldDropDown;FALSE;FALSE;FALSE;FALSE;5;5;5;4;3;4;5;2;4;5;3;3;4;3;5;5;4
SpecialFieldMenuAction;FALSE;FALSE;FALSE;FALSE;5;5;5;4;3;4;4;2;2;5;2;2;2;3;5;5;4
SpecialFieldUpdateListener;FALSE;FALSE;FALSE;FALSE;5;5;5;5;4;4;4;4;3;5;3;3;3;2;5;5;4
SpecialMainTableColumns;FALSE;FALSE;FALSE;FALSE;5;5;5;4;3;4;5;5;4;5;4;4;5;4;5;5;5
SpringerLink;FALSE;FALSE;FALSE;FALSE;5;5;5;4;3;4;4;4;3;5;2;2;2;1;5;5;3
SQLUtil;FALSE;FALSE;FALSE;FALSE;5;5;5;5;4;4;4;4;4;5;3;3;3;1;5;5;2
StreamEavesdropper;FALSE;FALSE;FALSE;FALSE;5;5;5;5;3;4;4;2;2;5;4;4;4;5;5;5;2
StringDialog;FALSE;FALSE;FALSE;FALSE;5;5;5;5;4;4;4;4;5;5;5;5;5;4;5;5;5
StringInt;FALSE;FALSE;FALSE;FALSE;5;5;5;5;3;4;4;2;1;5;3;3;3;5;5;5;1
StringLengthComparator;FALSE;FALSE;FALSE;FALSE;5;5;5;5;3;4;4;2;1;5;2;2;2;3;5;5;1
StyleSelectDialog;FALSE;FALSE;FALSE;FALSE;5;5;5;5;5;4;5;5;5;5;4;4;5;4;5;5;5
SynchronizeFileField;FALSE;FALSE;FALSE;FALSE;5;5;5;5;5;5;5;5;5;5;5;5;5;5;5;5;5
TableColumnsTab;FALSE;FALSE;FALSE;FALSE;5;5;5;5;5;5;5;5;5;5;5;5;5;2;5;5;5
TablePrefsTab;FALSE;FALSE;FALSE;FALSE;5;5;5;5;3;4;4;4;4;5;4;4;3;1;5;5;4
TagToMarkedTextStore;FALSE;FALSE;FALSE;FALSE;5;5;5;4;3;4;4;2;3;5;2;2;2;1;5;5;1
TeeStream;FALSE;FALSE;FALSE;FALSE;5;5;5;5;3;4;4;2;2;5;3;3;3;4;5;5;1
TextArea;FALSE;FALSE;FALSE;FALSE;5;5;5;5;3;4;5;2;3;5;3;3;3;2;5;5;4
TextField;FALSE;FALSE;FALSE;FALSE;5;5;5;5;3;4;5;4;4;5;4;4;5;5;5;5;4
TextInputDialog;FALSE;FALSE;FALSE;FALSE;5;5;5;5;5;4;5;5;5;5;5;5;5;5;5;5;5
TextPrefixFunction;FALSE;FALSE;FALSE;FALSE;5;5;5;4;3;4;4;3;2;5;3;3;3;4;5;5;4
Title;FALSE;FALSE;FALSE;FALSE;5;5;5;4;3;4;4;4;2;5;2;2;2;2;5;5;2
TitleCaseFormatter;FALSE;FALSE;FALSE;FALSE;5;5;5;4;3;4;4;4;3;5;2;2;2;2;5;5;3
TitleParser;FALSE;FALSE;FALSE;FALSE;5;5;5;4;5;4;5;3;3;5;3;3;3;3;5;5;3
ToLowerCase;FALSE;FALSE;FALSE;FALSE;5;5;5;5;3;4;5;2;1;5;2;2;2;3;5;5;2
ToUpperCase;FALSE;FALSE;FALSE;FALSE;5;5;5;5;3;4;5;2;1;5;2;2;2;3;5;5;2
TransferableBibtexEntry;FALSE;FALSE;FALSE;FALSE;5;5;5;4;4;4;4;2;2;5;3;3;3;3;5;5;3
TransferableEntrySelection;FALSE;FALSE;FALSE;FALSE;5;5;5;4;3;4;4;3;3;5;3;3;3;2;5;5;2
TransferableFileLinkSelection;FALSE;FALSE;FALSE;FALSE;5;5;5;4;3;4;4;2;2;5;4;4;3;4;5;5;5
UnabbreviateAction;FALSE;FALSE;FALSE;FALSE;5;5;5;4;5;4;4;3;3;5;3;3;3;4;5;5;5
UndefinedBibtexEntry;FALSE;FALSE;FALSE;FALSE;5;5;5;5;3;4;4;2;1;5;2;2;2;3;5;5;4
UndefinedCharacterFormatException;FALSE;FALSE;FALSE;FALSE;5;5;5;4;3;4;4;2;1;5;2;2;2;3;5;5;1
UndefinedParagraphFormatException;FALSE;FALSE;FALSE;FALSE;5;5;5;4;3;4;4;2;1;5;2;2;2;3;5;5;1
UndoableAbbreviator;FALSE;FALSE;FALSE;FALSE;5;5;5;4;3;4;4;3;3;5;2;2;2;1;5;5;4
UndoableAddOrRemoveGroup;FALSE;FALSE;FALSE;FALSE;5;5;5;5;4;5;5;4;4;5;5;5;4;3;5;5;3
UndoableChangeAssignment;FALSE;FALSE;FALSE;FALSE;5;5;5;5;3;4;5;4;3;5;2;2;2;1;5;5;4
UndoableChangeEntriesOfGroup;FALSE;FALSE;FALSE;FALSE;5;5;5;4;4;4;5;3;2;5;3;3;4;5;5;5;3
UndoableChangeType;FALSE;FALSE;FALSE;FALSE;5;5;5;5;3;4;4;2;2;5;2;2;2;2;5;5;2
UndoableKeyChange;FALSE;FALSE;FALSE;FALSE;5;5;5;5;3;4;4;2;2;5;4;4;4;4;5;5;3
UndoableModifyGroup;FALSE;FALSE;FALSE;FALSE;5;5;5;5;3;4;4;3;3;5;5;5;3;3;5;5;4
UndoableMoveGroup;FALSE;FALSE;FALSE;FALSE;5;5;5;5;3;4;4;4;3;5;5;5;2;1;5;5;4
UndoableUnabbreviator;FALSE;FALSE;FALSE;FALSE;5;5;5;4;3;4;4;3;2;5;2;2;2;2;5;5;4
UnicodeToLatexFormatter;FALSE;FALSE;FALSE;FALSE;5;5;5;5;4;4;4;4;4;5;4;4;4;4;5;5;2
UnicodeToReadableCharMap;FALSE;FALSE;FALSE;FALSE;5;5;5;5;3;4;4;2;1;5;3;3;3;1;5;5;1
UnknownExternalFileType;FALSE;FALSE;FALSE;FALSE;5;5;5;4;3;4;4;2;1;5;2;2;2;4;5;5;2
UnsupportedVersionException;FALSE;FALSE;FALSE;FALSE;5;5;5;4;3;4;4;2;1;5;2;2;2;4;5;5;5
UpperCaseFormatter;FALSE;FALSE;FALSE;FALSE;5;5;5;4;3;4;4;3;2;5;2;2;2;2;5;5;3
UrlDragDrop;FALSE;FALSE;FALSE;FALSE;5;5;5;4;4;5;4;4;4;5;5;5;5;4;5;5;5
URLUtil;FALSE;FALSE;FALSE;FALSE;5;5;5;4;3;4;5;3;3;5;4;4;4;5;5;5;1
WaitForSaveOperation;FALSE;FALSE;FALSE;FALSE;5;5;5;4;4;4;5;2;3;5;2;2;2;1;5;5;4
Warn;FALSE;FALSE;FALSE;FALSE;5;5;5;4;3;4;4;2;1;5;2;2;2;5;5;5;1
WarnAssignmentSideEffects;FALSE;FALSE;FALSE;FALSE;5;5;5;5;4;4;5;3;3;5;5;5;4;5;5;5;3
VerifyingWriter;FALSE;FALSE;FALSE;FALSE;5;5;5;4;3;4;4;2;2;5;2;2;2;1;5;5;1
Version;FALSE;FALSE;FALSE;FALSE;5;5;5;5;4;4;5;3;4;5;3;3;3;2;5;5;1
VersionWorker;FALSE;FALSE;FALSE;FALSE;5;5;5;4;3;4;4;3;3;5;4;3;3;2;5;5;4
VerticalLabelUI;FALSE;FALSE;FALSE;FALSE;5;5;5;4;3;4;4;4;4;5;2;2;2;1;5;5;1
WidthFunction;FALSE;FALSE;FALSE;FALSE;5;5;5;4;3;4;4;3;2;5;3;3;3;5;5;5;4
Windows;FALSE;FALSE;FALSE;FALSE;5;5;5;4;3;4;4;4;3;5;3;3;3;2;5;5;4
VM;FALSE;FALSE;FALSE;FALSE;5;5;5;4;5;5;5;5;5;5;5;5;5;4;5;5;4
VMException;FALSE;FALSE;FALSE;FALSE;5;5;5;4;3;4;4;2;1;5;2;2;2;4;5;5;1
Word;FALSE;FALSE;FALSE;FALSE;5;5;5;5;4;4;5;4;3;5;2;2;2;1;5;5;1
Worker;FALSE;FALSE;FALSE;FALSE;5;5;5;4;3;4;4;2;1;5;2;2;2;5;5;5;1
WrapContent;FALSE;FALSE;FALSE;FALSE;5;5;5;4;3;4;4;2;2;5;2;2;2;2;5;5;2
WrapLayout;FALSE;FALSE;FALSE;FALSE;5;5;5;4;4;4;5;3;3;5;4;4;3;3;5;5;1
WriteXMPAction;FALSE;FALSE;FALSE;FALSE;5;5;5;5;4;5;4;5;5;5;5;5;5;5;5;5;5
WriteXMPEntryEditorAction;FALSE;FALSE;FALSE;FALSE;5;5;5;4;5;5;5;5;4;5;5;5;4;4;5;5;5
XMLChars;FALSE;FALSE;FALSE;FALSE;5;5;5;4;5;4;4;4;4;5;4;4;3;2;5;5;2
XmlCharsMap;FALSE;FALSE;FALSE;FALSE;5;5;5;5;3;4;4;2;1;5;5;5;5;5;5;5;1
XMLUtil;FALSE;FALSE;FALSE;FALSE;5;5;5;4;3;4;5;3;2;5;4;4;4;5;5;5;5
XmpPrefsTab;FALSE;FALSE;FALSE;FALSE;5;5;5;5;5;5;4;4;5;5;4;4;4;3;5;5;4
ZipFileChooser;FALSE;FALSE;FALSE;FALSE;5;5;5;5;4;4;5;3;4;5;5;4;5;5;5;5;4
